"id","Coloring strategy","Coloring strategy percent","Framed","Framed percent","Layout","Layout percent","Palette","Palette percent","Scene ","Scene  percent","Shading","Shading percent","rarity","rank","id again"
0,"Group",45.33,"Yep",95.83,"Balance",54.17,"Red Spider",5,"Flat",93.83,"Bright",5.5,"0.060718418744704308331883",305,0
1,"Main",24.33,"Yep",95.83,"Order",29.83,"Atlas",5.67,"Flat",93.83,"Evening",11.17,"0.041330893949402439102592",230,1
2,"Group",45.33,"Yep",95.83,"Balance",54.17,"Punk",2.33,"Flat",93.83,"Noon",54.33,"0.279501012313872698733519",515,2
3,"Group",45.33,"Yep",95.83,"Order",29.83,"Paddle",2,"Flat",93.83,"Evening",11.17,"0.027162225204821307394942",178,3
4,"Group",45.33,"Yep",95.83,"Balance",54.17,"Yellow Spider",4.5,"Flat",93.83,"Evening",11.17,"0.110982229752820404922176",376,4
5,"Group",45.33,"Yep",95.83,"Order",29.83,"Mysore",4.83,"Flat",93.83,"Morning",9.33,"0.054791217565243806320030",282,5
6,"Group",45.33,"Nope!",4.17,"Balance",54.17,"Main Course",2.83,"Flat",93.83,"Noon",54.33,"0.014772311825515603567194",114,6
7,"Main",24.33,"Yep",95.83,"Balance",54.17,"Green Spider",3.67,"Flat",93.83,"Evening",11.17,"0.048580657279123772018803",265,7
8,"Group",45.33,"Yep",95.83,"Balance",54.17,"Hotshot",5.33,"Flat",93.83,"Noon",54.33,"0.639373560357485604122019",593,8
9,"Random",19.17,"Yep",95.83,"Balance",54.17,"Tropico",2.33,"Flat",93.83,"Bright Morning",9.67,"0.021038101595953501848912",153,9
10,"Group",45.33,"Yep",95.83,"Balance",54.17,"Jolly",1,"Flat",93.83,"Noon",54.33,"0.119957516014537635129500",386,10
11,"Group",45.33,"Yep",95.83,"Balance",54.17,"Hotshot",5.33,"Flat",93.83,"Noon",54.33,"0.639373560357485604122019",592,11
12,"Single",11.17,"Yep",95.83,"Order",29.83,"Cherfi",1.5,"Flat",93.83,"Noon",54.33,"0.024416341750131399096491",166,12
13,"Group",45.33,"Nope!",4.17,"Balance",54.17,"Mantis",2.33,"Flat",93.83,"Bright Evening",10,"0.002238609007865904887424",43,13
14,"Main",24.33,"Yep",95.83,"Balance",54.17,"Hotspot",6,"Flat",93.83,"Evening",11.17,"0.079423417895025244517271",339,14
15,"Random",19.17,"Yep",95.83,"Balance",54.17,"Blue Spider",3.67,"Flat",93.83,"Bright Evening",10,"0.034268115119612155283768",213,15
16,"Group",45.33,"Yep",95.83,"Balance",54.17,"Nightlife",2.33,"Flat",93.83,"Noon",54.33,"0.279501012313872698733519",508,16
17,"Single",11.17,"Yep",95.83,"Balance",54.17,"Slapdash",2.33,"Flat",93.83,"Morning",9.33,"0.011827495131375287754083",100,17
18,"Main",24.33,"Yep",95.83,"Balance",54.17,"Bangalore",1.33,"Flat",93.83,"Evening",11.17,"0.017605524300063929432625",132,18
19,"Group",45.33,"Yep",95.83,"Balance",54.17,"Atlas",5.67,"Corner",4.5,"Bright Morning",9.67,"0.005805880458005030844704",65,19
20,"Group",45.33,"Yep",95.83,"Balance",54.17,"Red Spider",5,"Corner",4.5,"Bright Morning",9.67,"0.005119824037041472569731",61,20
21,"Group",45.33,"Yep",95.83,"Balance",54.17,"Main Course",2.83,"Flat",93.83,"Noon",54.33,"0.339479770321141516298269",545,21
22,"Group",45.33,"Yep",95.83,"Order",29.83,"Hotshot",5.33,"Flat",93.83,"Noon",54.33,"0.352086271099571634923819",549,22
23,"Group",45.33,"Yep",95.83,"Balance",54.17,"Hurdles",0.83,"Flat",93.83,"Noon",54.33,"0.099564738292066232161481",363,23
24,"Single",11.17,"Yep",95.83,"Balance",54.17,"Warm Duo",2.17,"Flat",93.83,"Noon",54.33,"0.064143795167102946042093",313,24
25,"Group",45.33,"Yep",95.83,"Balance",54.17,"Punk",2.33,"Flat",93.83,"Bright",5.5,"0.028294783135032204601789",182,25
26,"Group",45.33,"Yep",95.83,"Chaos",16,"Giftcard",3.83,"Flat",93.83,"Morning",9.33,"0.023303938414286483327142",160,26
27,"Group",45.33,"Nope!",4.17,"Balance",54.17,"Golden Duo",1,"Flat",93.83,"Noon",54.33,"0.005219898171560283933745",62,27
28,"Random",19.17,"Nope!",4.17,"Chaos",16,"Sprague",2.5,"Flat",93.83,"Noon",54.33,"0.001630044949614840301896",33,28
29,"Group",45.33,"Yep",95.83,"Balance",54.17,"Green Spider",3.67,"Flat",93.83,"Noon",54.33,"0.440244083773353056532329",567,29
30,"Group",45.33,"Yep",95.83,"Balance",54.17,"Romeo",1.5,"Flat",93.83,"Noon",54.33,"0.179936274021806452694250",459,30
31,"Group",45.33,"Yep",95.83,"Chaos",16,"Hotspot",6,"Flat",93.83,"Bright",5.5,"0.021521019750753597049586",155,31
32,"Main",24.33,"Yep",95.83,"Balance",54.17,"Atlas",5.67,"Flat",93.83,"Noon",54.33,"0.365062238858881116243538",554,32
33,"Random",19.17,"Yep",95.83,"Balance",54.17,"Red Spider",5,"Flat",93.83,"Morning",9.33,"0.043558789382286300373437",238,33
34,"Main",24.33,"Yep",95.83,"Balance",54.17,"Mysore",4.83,"Flat",93.83,"Noon",54.33,"0.310978944213121000217370",530,34
35,"Group",45.33,"Yep",95.83,"Balance",54.17,"Pink Spider",3,"Flat",93.83,"Noon",54.33,"0.359872548043612905388500",552,35
36,"Random",19.17,"Yep",95.83,"Order",29.83,"Paddle",2,"Flat",93.83,"Noon",54.33,"0.055871235016415277119251",292,36
37,"Group",45.33,"Yep",95.83,"Balance",54.17,"Atlas",5.67,"Flat",93.83,"Bright Evening",10,"0.125190339739081224479378",392,37
38,"Random",19.17,"Yep",95.83,"Balance",54.17,"Hotshot",5.33,"Flat",93.83,"Noon",54.33,"0.270390274697838051132237",503,38
39,"Random",19.17,"Yep",95.83,"Order",29.83,"Nowak",2.17,"Flat",93.83,"Noon",54.33,"0.060620289992810577617277",303,39
40,"Random",19.17,"Yep",95.83,"Chaos",16,"Atlas",5.67,"Flat",93.83,"Noon",54.33,"0.084958740205987148819133",348,40
41,"Main",24.33,"Yep",95.83,"Chaos",16,"Revolucion",3.67,"Flat",93.83,"Noon",54.33,"0.069792871243067156061812",329,41
42,"Random",19.17,"Yep",95.83,"Order",29.83,"Hotspot",6,"Flat",93.83,"Noon",54.33,"0.167613705049245831357752",445,42
43,"Main",24.33,"Yep",95.83,"Balance",54.17,"Shelter",0.83,"Flat",93.83,"Morning",9.33,"0.009177066634396987415689",87,43
44,"Group",45.33,"Yep",95.83,"Balance",54.17,"Main Course",2.83,"Flat",93.83,"Bright Evening",10,"0.062484772744550255707541",309,44
45,"Group",45.33,"Yep",95.83,"Order",29.83,"Paddle",2,"Flat",93.83,"Noon",54.33,"0.132114923489520308397260",402,45
46,"Single",11.17,"Yep",95.83,"Order",29.83,"Green Spider",3.67,"Flat",93.83,"Noon",54.33,"0.059738649481988148615130",301,46
47,"Group",45.33,"Yep",95.83,"Balance",54.17,"Green Spider",3.67,"Flat",93.83,"Evening",11.17,"0.090512174042855761402215",351,47
48,"Group",45.33,"Yep",95.83,"Balance",54.17,"Docks",2.67,"Flat",93.83,"Noon",54.33,"0.320286567758815476913981",535,48
49,"Main",24.33,"Yep",95.83,"Balance",54.17,"Jolly",1,"Flat",93.83,"Noon",54.33,"0.064384874578285913870879",314,49
50,"Random",19.17,"Yep",95.83,"Balance",54.17,"Arcade",1.83,"Flat",93.83,"Morning",9.33,"0.015942516913916786325256",124,50
51,"Single",11.17,"Yep",95.83,"Order",29.83,"Giftcard",3.83,"Flat",93.83,"Evening",11.17,"0.012817448408448938249049",106,51
52,"Group",45.33,"Yep",95.83,"Order",29.83,"Pink Spider",3,"Flat",93.83,"Noon",54.33,"0.198172385234280462595891",472,52
53,"Group",45.33,"Yep",95.83,"Balance",54.17,"Atlas",5.67,"Flat",93.83,"Noon",54.33,"0.680159115802428382302480",595,53
54,"Group",45.33,"Yep",95.83,"Chaos",16,"Paddle",2,"Flat",93.83,"Bright Evening",10,"0.013043042273184000945374",107,54
55,"Group",45.33,"Yep",95.83,"Balance",54.17,"Warm Duo",2.17,"Flat",93.83,"Noon",54.33,"0.260307809751546659349231",501,55
56,"Main",24.33,"Yep",95.83,"Balance",54.17,"Atlas",5.67,"Flat",93.83,"Evening",11.17,"0.075055129910798865089383",334,56
57,"Group",45.33,"Yep",95.83,"Balance",54.17,"Red Spider",5,"Flat",93.83,"Noon",54.33,"0.599787580072688175647500",587,57
58,"Main",24.33,"Yep",95.83,"Chaos",16,"Hotspot",6,"Flat",93.83,"Noon",54.33,"0.114102786773406808529252",381,58
59,"Random",19.17,"Yep",95.83,"Balance",54.17,"Giftcard",3.83,"Flat",93.83,"Bright Morning",9.67,"0.034581943825108117651634",216,59
60,"Group",45.33,"Yep",95.83,"Chaos",16,"Verena",4.17,"Flat",93.83,"Noon",54.33,"0.147749039477385074592419",418,60
61,"Group",45.33,"Yep",95.83,"Order",29.83,"Revolucion",3.67,"Flat",93.83,"Noon",54.33,"0.242430884603269752863852",492,61
62,"Random",19.17,"Yep",95.83,"Chaos",16,"Verena",4.17,"Flat",93.83,"Noon",54.33,"0.062482883008636046218154",308,62
63,"Single",11.17,"Yep",95.83,"Balance",54.17,"Hotspot",6,"Flat",93.83,"Noon",54.33,"0.177356115669409036827986",454,63
64,"Single",11.17,"Yep",95.83,"Balance",54.17,"Rosewood",1.17,"Corner",4.5,"Bright Evening",10,"0.000305289503346555012378",9,64
65,"Group",45.33,"Yep",95.83,"Chaos",16,"Shelter",0.83,"Flat",93.83,"Noon",54.33,"0.029408082198136595991622",188,65
66,"Group",45.33,"Yep",95.83,"Order",29.83,"Nightlife",2.33,"Flat",93.83,"Noon",54.33,"0.153913885865291172327929",430,66
67,"Group",45.33,"Yep",95.83,"Order",29.83,"Mysore",4.83,"Flat",93.83,"Noon",54.33,"0.319057540227191571702292",533,67
68,"Random",19.17,"Yep",95.83,"Order",29.83,"Cherfi",1.5,"Flat",93.83,"Noon",54.33,"0.041903426262311457839438",232,68
69,"Main",24.33,"Yep",95.83,"Chaos",16,"Mysore",4.83,"Flat",93.83,"Bright Morning",9.67,"0.016348537239454615649370",126,69
70,"Main",24.33,"Yep",95.83,"Balance",54.17,"Paddle",2,"Flat",93.83,"Noon",54.33,"0.128769749156571827741757",397,70
71,"Group",45.33,"Yep",95.83,"Order",29.83,"Tropico",2.33,"Flat",93.83,"Noon",54.33,"0.153913885865291172327929",433,71
72,"Random",19.17,"Yep",95.83,"Chaos",16,"Pink Spider",3,"Flat",93.83,"Noon",54.33,"0.044951714394702191324171",249,72
73,"Main",24.33,"Yep",95.83,"Chaos",16,"Hotspot",6,"Flat",93.83,"Morning",9.33,"0.019594680666222812764898",145,73
74,"Main",24.33,"Yep",95.83,"Balance",54.17,"Revolucion",3.67,"Flat",93.83,"Noon",54.33,"0.236292489702309288501780",486,74
75,"Main",24.33,"Yep",95.83,"Order",29.83,"Mysore",4.83,"Flat",93.83,"Noon",54.33,"0.171247958387989646089622",449,75
76,"Group",45.33,"Yep",95.83,"Balance",54.17,"Main Course",2.83,"Flat",93.83,"Noon",54.33,"0.339479770321141516298269",540,76
77,"Group",45.33,"Yep",95.83,"Balance",54.17,"Hotspot",6,"Flat",93.83,"Noon",54.33,"0.719745096087225810776999",598,77
78,"Main",24.33,"Yep",95.83,"Balance",54.17,"Honeypot",1.67,"Flat",93.83,"Bright Evening",10,"0.019790675602013155232051",146,78
79,"Main",24.33,"Yep",95.83,"Chaos",16,"Red Spider",5,"Flat",93.83,"Evening",11.17,"0.019549176763282317265125",143,79
80,"Main",24.33,"Yep",95.83,"Order",29.83,"Arcade",1.83,"Flat",93.83,"Noon",54.33,"0.064882766842654454597650",315,80
81,"Group",45.33,"Yep",95.83,"Balance",54.17,"Punk",2.33,"Flat",93.83,"Noon",54.33,"0.279501012313872698733519",512,81
82,"Single",11.17,"Yep",95.83,"Balance",54.17,"Giftcard",3.83,"Flat",93.83,"Noon",54.33,"0.113212320502306118541469",377,82
83,"Group",45.33,"Yep",95.83,"Balance",54.17,"Warm Duo",2.17,"Corner",4.5,"Bright Evening",10,"0.002297832091081695223694",44,83
84,"Group",45.33,"Yep",95.83,"Balance",54.17,"Sprague",2.5,"Corner",4.5,"Bright Evening",10,"0.002647271994333750405604",46,84
85,"Random",19.17,"Yep",95.83,"Balance",54.17,"Nowak",2.17,"Flat",93.83,"Noon",54.33,"0.110083845421071038761518",372,85
86,"Main",24.33,"Yep",95.83,"Balance",54.17,"Arcade",1.83,"Flat",93.83,"Noon",54.33,"0.117824320478263216971371",382,86
87,"Main",24.33,"Yep",95.83,"Order",29.83,"Atlas",5.67,"Flat",93.83,"Bright Evening",10,"0.037001695567952040677451",220,87
88,"Group",45.33,"Yep",95.83,"Chaos",16,"Bangalore",1.33,"Flat",93.83,"Noon",54.33,"0.047123794365688767560307",258,88
89,"Main",24.33,"Yep",95.83,"Balance",54.17,"Sprague",2.5,"Flat",93.83,"Noon",54.33,"0.160962186445714805493878",440,89
90,"Single",11.17,"Yep",95.83,"Balance",54.17,"Mantis",2.33,"Flat",93.83,"Noon",54.33,"0.068873291584953852395579",325,90
91,"Group",45.33,"Yep",95.83,"Balance",54.17,"Delphi",1.5,"Flat",93.83,"Noon",54.33,"0.179936274021806452694250",458,91
92,"Group",45.33,"Yep",95.83,"Balance",54.17,"Cherfi",1.5,"Flat",93.83,"Bright Morning",9.67,"0.032026205959706760539873",205,92
93,"Random",19.17,"Yep",95.83,"Balance",54.17,"Red Spider",5,"Flat",93.83,"Noon",54.33,"0.253649413412606106188463",496,93
94,"Group",45.33,"Yep",95.83,"Order",29.83,"Docks",2.67,"Flat",93.83,"Noon",54.33,"0.176373422858509598665222",451,94
95,"Group",45.33,"Yep",95.83,"Chaos",16,"Green Spider",3.67,"Flat",93.83,"Noon",54.33,"0.130033327309832885676499",399,95
96,"Single",11.17,"Yep",95.83,"Order",29.83,"Nightlife",2.33,"Flat",93.83,"Evening",11.17,"0.007797559997829251431101",77,96
97,"Main",24.33,"Yep",95.83,"Order",29.83,"Yellow Spider",4.5,"Flat",93.83,"Bright Evening",10,"0.029366425053930195199214",186,97
98,"Random",19.17,"Yep",95.83,"Balance",54.17,"Slapdash",2.33,"Flat",93.83,"Noon",54.33,"0.118200626650274448481426",384,98
99,"Main",24.33,"Yep",95.83,"Chaos",16,"Revolucion",3.67,"Flat",93.83,"Noon",54.33,"0.069792871243067156061812",328,99
100,"Group",45.33,"Yep",95.83,"Chaos",16,"Hotshot",5.33,"Flat",93.83,"Bright Morning",9.67,"0.033612637305320186564828",210,100
101,"Group",45.33,"Yep",95.83,"Balance",54.17,"Arcade",1.83,"Flat",93.83,"Noon",54.33,"0.219522254306603881168769",483,101
102,"Single",11.17,"Yep",95.83,"Chaos",16,"Warm Duo",2.17,"Flat",93.83,"Evening",11.17,"0.003895195566358600376689",57,102
103,"Group",45.33,"Yep",95.83,"Chaos",16,"Green Spider",3.67,"Flat",93.83,"Noon",54.33,"0.130033327309832885676499",398,103
104,"Single",11.17,"Yep",95.83,"Chaos",16,"Honeypot",1.67,"Corner",4.5,"Bright Evening",10,"0.000128707433063999956806",5,104
105,"Main",24.33,"Yep",95.83,"Balance",54.17,"Mysore",4.83,"Flat",93.83,"Noon",54.33,"0.310978944213121000217370",531,105
106,"Group",45.33,"Nope!",4.17,"Balance",54.17,"Mysore",4.83,"Flat",93.83,"Noon",54.33,"0.025212108168636174904131",169,106
107,"Group",45.33,"Yep",95.83,"Balance",54.17,"Mantis",2.33,"Flat",93.83,"Evening",11.17,"0.057464132294238128018105",293,107
108,"Main",24.33,"Yep",95.83,"Order",29.83,"Atlas",5.67,"Flat",93.83,"Noon",54.33,"0.201030212020683496376705",476,108
109,"Random",19.17,"Yep",95.83,"Chaos",16,"Blue Spider",3.67,"Flat",93.83,"Noon",54.33,"0.054990930609519018956721",287,109
110,"Single",11.17,"Yep",95.83,"Order",29.83,"Giftcard",3.83,"Flat",93.83,"Noon",54.33,"0.062343059268668836458982",307,110
111,"Group",45.33,"Yep",95.83,"Balance",54.17,"Hotshot",5.33,"Flat",93.83,"Noon",54.33,"0.639373560357485604122019",591,111
112,"Single",11.17,"Yep",95.83,"Balance",54.17,"Delphi",1.5,"Flat",93.83,"Evening",11.17,"0.009115901951165558680934",86,112
113,"Main",24.33,"Yep",95.83,"Chaos",16,"Hotspot",6,"Flat",93.83,"Morning",9.33,"0.019594680666222812764898",144,113
114,"Main",24.33,"Yep",95.83,"Order",29.83,"Mantis",2.33,"Flat",93.83,"Noon",54.33,"0.082610298766876991138908",345,114
115,"Group",45.33,"Yep",95.83,"Order",29.83,"Yellow Spider",4.5,"Flat",93.83,"Noon",54.33,"0.297258577851420680016048",521,115
116,"Group",45.33,"Yep",95.83,"Order",29.83,"Revolucion",3.67,"Flat",93.83,"Bright Evening",10,"0.044621918756353719237584",248,116
117,"Group",45.33,"Yep",95.83,"Order",29.83,"Mantis",2.33,"Flat",93.83,"Morning",9.33,"0.026431374104972687327786",176,117
118,"Group",45.33,"Yep",95.83,"Balance",54.17,"Revolucion",3.67,"Corner",4.5,"Bright",5.5,"0.002137407408225069655600",41,118
119,"Random",19.17,"Yep",95.83,"Chaos",16,"Hotspot",6,"Flat",93.83,"Evening",11.17,"0.018483734577170014834469",137,119
120,"Group",45.33,"Yep",95.83,"Balance",54.17,"Revolucion",3.67,"Flat",93.83,"Noon",54.33,"0.440244083773353056532329",568,120
121,"Group",45.33,"Yep",95.83,"Order",29.83,"Tropico",2.33,"Flat",93.83,"Evening",11.17,"0.031643992363616826879458",200,121
122,"Group",45.33,"Yep",95.83,"Order",29.83,"Giftcard",3.83,"Cube",1.67,"Bright",5.5,"0.000455846259167857678889",12,122
123,"Group",45.33,"Yep",95.83,"Order",29.83,"Atlas",5.67,"Flat",93.83,"Evening",11.17,"0.077004908455668416578099",337,123
124,"Group",45.33,"Yep",95.83,"Order",29.83,"Nowak",2.17,"Flat",93.83,"Bright Evening",10,"0.026384077302803156384048",175,124
125,"Main",24.33,"Yep",95.83,"Balance",54.17,"Mural",2.5,"Flat",93.83,"Noon",54.33,"0.160962186445714805493878",438,125
126,"Main",24.33,"Yep",95.83,"Balance",54.17,"Sprague",2.5,"Flat",93.83,"Evening",11.17,"0.033093090789593854195161",208,126
127,"Group",45.33,"Yep",95.83,"Chaos",16,"Jolly",1,"Flat",93.83,"Noon",54.33,"0.035431424335104336198476",218,127
128,"Single",11.17,"Yep",95.83,"Balance",54.17,"Green Spider",3.67,"Flat",93.83,"Bright",5.5,"0.010982063914310757554715",96,128
129,"Group",45.33,"Yep",95.83,"Chaos",16,"Mantis",2.33,"Flat",93.83,"Noon",54.33,"0.082555218700793103758784",344,129
130,"Random",19.17,"Yep",95.83,"Order",29.83,"Nightlife",2.33,"Flat",93.83,"Bright Evening",10,"0.011980487538031254698967",102,130
131,"Group",45.33,"Yep",95.83,"Order",29.83,"Nowak",2.17,"Flat",93.83,"Noon",54.33,"0.143344691986129535443695",415,131
132,"Group",45.33,"Yep",95.83,"Order",29.83,"Giftcard",3.83,"Flat",93.83,"Noon",54.33,"0.253000078482431389748086",495,132
133,"Main",24.33,"Yep",95.83,"Chaos",16,"Jolly",1,"Flat",93.83,"Noon",54.33,"0.019017131128901135911358",139,133
134,"Group",45.33,"Yep",95.83,"Balance",54.17,"Revolucion",3.67,"Flat",93.83,"Noon",54.33,"0.440244083773353056532329",565,134
135,"Main",24.33,"Yep",95.83,"Balance",54.17,"Paddle",2,"Flat",93.83,"Noon",54.33,"0.128769749156571827741757",396,135
136,"Random",19.17,"Yep",95.83,"Order",29.83,"Red Spider",5,"Flat",93.83,"Noon",54.33,"0.139678087541038192798126",410,136
137,"Group",45.33,"Yep",95.83,"Balance",54.17,"Mono",0.17,"Flat",93.83,"Noon",54.33,"0.020392777722471402968019",151,137
138,"Main",24.33,"Yep",95.83,"Order",29.83,"Truce",0.67,"Flat",93.83,"Noon",54.33,"0.023754892778458189944724",161,138
139,"Group",45.33,"Yep",95.83,"Balance",54.17,"Tropico",2.33,"Flat",93.83,"Morning",9.33,"0.047998241209063728651696",262,139
140,"Group",45.33,"Yep",95.83,"Balance",54.17,"Yellow Spider",4.5,"Flat",93.83,"Evening",11.17,"0.110982229752820404922176",375,140
141,"Single",11.17,"Yep",95.83,"Order",29.83,"Truce",0.67,"Flat",93.83,"Noon",54.33,"0.010905965981725359095766",95,141
142,"Group",45.33,"Yep",95.83,"Balance",54.17,"Main Course",2.83,"Flat",93.83,"Noon",54.33,"0.339479770321141516298269",542,142
143,"Main",24.33,"Yep",95.83,"Order",29.83,"Blue Spider",3.67,"Flat",93.83,"Morning",9.33,"0.022345304375869533275445",157,143
144,"Single",11.17,"Yep",95.83,"Order",29.83,"Blue Spider",3.67,"Flat",93.83,"Noon",54.33,"0.059738649481988148615130",300,144
145,"Group",45.33,"Yep",95.83,"Order",29.83,"Hotshot",5.33,"Flat",93.83,"Noon",54.33,"0.352086271099571634923819",547,145
146,"Group",45.33,"Yep",95.83,"Chaos",16,"Hotshot",5.33,"Flat",93.83,"Bright Morning",9.67,"0.033612637305320186564828",209,146
147,"Group",45.33,"Yep",95.83,"Order",29.83,"Atlas",5.67,"Flat",93.83,"Noon",54.33,"0.374545808092790089016688",558,147
148,"Main",24.33,"Yep",95.83,"Balance",54.17,"Delphi",1.5,"Flat",93.83,"Noon",54.33,"0.096577311867428863867424",358,148
149,"Main",24.33,"Yep",95.83,"Balance",54.17,"Bangalore",1.33,"Flat",93.83,"Bright Morning",9.67,"0.015241308861380321523771",120,149
150,"Main",24.33,"Nope!",4.17,"Order",29.83,"Main Course",2.83,"Flat",93.83,"Bright Evening",10,"0.000803636343766010816797",18,150
151,"Group",45.33,"Yep",95.83,"Order",29.83,"Hotshot",5.33,"Flat",93.83,"Noon",54.33,"0.352086271099571634923819",548,151
152,"Single",11.17,"Yep",95.83,"Order",29.83,"Hurdles",0.83,"Flat",93.83,"Noon",54.33,"0.013510375768406040000724",110,152
153,"Random",19.17,"Yep",95.83,"Order",29.83,"Yellow Spider",4.5,"Flat",93.83,"Noon",54.33,"0.125710278786934359640526",393,153
154,"Group",45.33,"Yep",95.83,"Balance",54.17,"Mantis",2.33,"Flat",93.83,"Evening",11.17,"0.057464132294238128018105",295,154
155,"Group",45.33,"Yep",95.83,"Balance",54.17,"Pink Spider",3,"Flat",93.83,"Noon",54.33,"0.359872548043612905388500",551,155
156,"Random",19.17,"Yep",95.83,"Balance",54.17,"Pink Spider",3,"Flat",93.83,"Noon",54.33,"0.152189648047563630406387",426,156
157,"Main",24.33,"Yep",95.83,"Balance",54.17,"Nightlife",2.33,"Flat",93.83,"Noon",54.33,"0.150016757767406166967916",425,157
158,"Random",19.17,"Yep",95.83,"Balance",54.17,"Verena",4.17,"Flat",93.83,"Bright Morning",9.67,"0.037651881397049828670287",224,158
159,"Random",19.17,"Yep",95.83,"Balance",54.17,"Hotspot",6,"Corner",4.5,"Bright Evening",10,"0.002686867194249000466433",47,159
160,"Group",45.33,"Yep",95.83,"Balance",54.17,"Sprague",2.5,"Flat",93.83,"Noon",54.33,"0.299893790036344087823750",525,160
161,"Main",24.33,"Yep",95.83,"Balance",54.17,"Honeypot",1.67,"Flat",93.83,"Noon",54.33,"0.107522740545737474637811",368,161
162,"Main",24.33,"Yep",95.83,"Balance",54.17,"Hotspot",6,"Flat",93.83,"Bright",5.5,"0.039107323045894260005184",228,162
163,"Group",45.33,"Yep",95.83,"Balance",54.17,"Hotshot",5.33,"Flat",93.83,"Noon",54.33,"0.639373560357485604122019",589,163
164,"Main",24.33,"Yep",95.83,"Order",29.83,"Bangalore",1.33,"Flat",93.83,"Noon",54.33,"0.047155234918431931934180",259,164
165,"Group",45.33,"Yep",95.83,"Chaos",16,"Verena",4.17,"Flat",93.83,"Bright Morning",9.67,"0.026297316615982210818991",174,165
166,"Group",45.33,"Yep",95.83,"Balance",54.17,"Red Spider",5,"Flat",93.83,"Bright Morning",9.67,"0.106754019865689206425508",367,166
167,"Main",24.33,"Yep",95.83,"Chaos",16,"Cold Duo",1.67,"Flat",93.83,"Noon",54.33,"0.031758608985264898116885",203,167
168,"Single",11.17,"Yep",95.83,"Chaos",16,"Mysore",4.83,"Flat",93.83,"Noon",54.33,"0.042169960676056640613840",236,168
169,"Random",19.17,"Yep",95.83,"Chaos",16,"Hurdles",0.83,"Flat",93.83,"Morning",9.33,"0.002135723548077392893590",40,169
170,"Group",45.33,"Yep",95.83,"Balance",54.17,"Bangalore",1.33,"Flat",93.83,"Noon",54.33,"0.159543496299335091359595",436,170
171,"Main",24.33,"Yep",95.83,"Balance",54.17,"Hotspot",6,"Flat",93.83,"Noon",54.33,"0.386309247469715455469697",562,171
172,"Main",24.33,"Yep",95.83,"Balance",54.17,"Main Course",2.83,"Flat",93.83,"Bright",5.5,"0.018445620703313462401818",136,172
173,"Group",45.33,"Yep",95.83,"Chaos",16,"Yellow Spider",4.5,"Flat",93.83,"Noon",54.33,"0.159441409507969478198675",435,173
174,"Random",19.17,"Yep",95.83,"Balance",54.17,"Tropico",2.33,"Flat",93.83,"Evening",11.17,"0.024301509289224466209278",165,174
175,"Random",19.17,"Yep",95.83,"Balance",54.17,"Pink Spider",3,"Flat",93.83,"Noon",54.33,"0.152189648047563630406387",427,175
176,"Group",45.33,"Yep",95.83,"Order",29.83,"Atlas",5.67,"Flat",93.83,"Noon",54.33,"0.374545808092790089016688",557,176
177,"Main",24.33,"Yep",95.83,"Balance",54.17,"Slapdash",2.33,"Flat",93.83,"Bright",5.5,"0.015186677116155606823145",118,177
178,"Group",45.33,"Yep",95.83,"Balance",54.17,"Yellow Spider",4.5,"Flat",93.83,"Morning",9.33,"0.092700465854414909605552",352,178
179,"Single",11.17,"Yep",95.83,"Balance",54.17,"Hotspot",6,"Flat",93.83,"Noon",54.33,"0.177356115669409036827986",455,179
180,"Single",11.17,"Yep",95.83,"Balance",54.17,"Mysore",4.83,"Flat",93.83,"Bright Morning",9.67,"0.025411413197334146302220",172,180
181,"Random",19.17,"Yep",95.83,"Order",29.83,"Mysore",4.83,"Flat",93.83,"Bright",5.5,"0.013659298345399150526047",111,181
182,"Random",19.17,"Yep",95.83,"Balance",54.17,"Docks",2.67,"Flat",93.83,"Noon",54.33,"0.135448786762331629951461",406,182
183,"Random",19.17,"Yep",95.83,"Balance",54.17,"Revolucion",3.67,"Flat",93.83,"Noon",54.33,"0.186178669444852867842499",464,183
184,"Main",24.33,"Nope!",4.17,"Order",29.83,"Green Spider",3.67,"Flat",93.83,"Bright Morning",9.67,"0.001007779853013341915882",25,184
185,"Main",24.33,"Yep",95.83,"Order",29.83,"Hotshot",5.33,"Flat",93.83,"Bright",5.5,"0.019130594454576970581128",140,185
186,"Random",19.17,"Yep",95.83,"Balance",54.17,"Sprague",2.5,"Corner",4.5,"Bright Morning",9.67,"0.001082583573682826530091",26,186
187,"Main",24.33,"Yep",95.83,"Order",29.83,"Docks",2.67,"Flat",93.83,"Bright",5.5,"0.009583243375932552418628",89,187
188,"Main",24.33,"Yep",95.83,"Balance",54.17,"Nowak",2.17,"Flat",93.83,"Noon",54.33,"0.139715177834880438512144",411,188
189,"Group",45.33,"Yep",95.83,"Chaos",16,"Nightlife",2.33,"Flat",93.83,"Bright Morning",9.67,"0.014693704488066797186896",113,189
190,"Main",24.33,"Nope!",4.17,"Balance",54.17,"Punk",2.33,"Flat",93.83,"Evening",11.17,"0.001342109065723772745246",30,190
191,"Group",45.33,"Yep",95.83,"Order",29.83,"Hotspot",6,"Flat",93.83,"Morning",9.33,"0.068063624304650696683616",323,191
192,"Main",24.33,"Yep",95.83,"Chaos",16,"Pink Spider",3,"Flat",93.83,"Bright Morning",9.67,"0.010154370956182991528327",91,192
193,"Group",45.33,"Yep",95.83,"Order",29.83,"Blue Spider",3.67,"Flat",93.83,"Noon",54.33,"0.242430884603269752863852",490,193
194,"Main",24.33,"Yep",95.83,"Balance",54.17,"Hotspot",6,"Flat",93.83,"Evening",11.17,"0.079423417895025244517271",340,194
195,"Random",19.17,"Yep",95.83,"Balance",54.17,"Hotshot",5.33,"Flat",93.83,"Evening",11.17,"0.055591006228140081579792",289,195
196,"Main",24.33,"Yep",95.83,"Order",29.83,"Arcade",1.83,"Flat",93.83,"Noon",54.33,"0.064882766842654454597650",316,196
197,"Main",24.33,"Yep",95.83,"Balance",54.17,"Green Spider",3.67,"Flat",93.83,"Bright Evening",10,"0.043492083508615733689062",237,197
198,"Random",19.17,"Yep",95.83,"Balance",54.17,"Hotshot",5.33,"Flat",93.83,"Bright Morning",9.67,"0.048125786054262729984909",264,198
199,"Random",19.17,"Nope!",4.17,"Balance",54.17,"Mysore",4.83,"Corner",4.5,"Bright Evening",10,"0.000094118857779555036621",3,199
200,"Single",11.17,"Yep",95.83,"Chaos",16,"Romeo",1.5,"Flat",93.83,"Noon",54.33,"0.013096261079520695250200",108,200
201,"Random",19.17,"Yep",95.83,"Order",29.83,"Blue Spider",3.67,"Flat",93.83,"Bright Morning",9.67,"0.018247825072465119478071",134,201
202,"Single",11.17,"Yep",95.83,"Balance",54.17,"Giftcard",3.83,"Flat",93.83,"Noon",54.33,"0.113212320502306118541469",379,202
203,"Group",45.33,"Yep",95.83,"Order",29.83,"Hurdles",0.83,"Flat",93.83,"Noon",54.33,"0.054827693248150927152196",285,203
204,"Group",45.33,"Yep",95.83,"Balance",54.17,"Giftcard",3.83,"Flat",93.83,"Noon",54.33,"0.459437286335679151427769",572,204
205,"Group",45.33,"Yep",95.83,"Chaos",16,"Docks",2.67,"Flat",93.83,"Noon",54.33,"0.094601902974728563355811",354,205
206,"Main",24.33,"Yep",95.83,"Order",29.83,"Nowak",2.17,"Corner",4.5,"Bright Evening",10,"0.000679155306053804991989",15,206
207,"Single",11.17,"Yep",95.83,"Order",29.83,"Arcade",1.83,"Flat",93.83,"Evening",11.17,"0.006124263860956020467941",69,207
208,"Group",45.33,"Nope!",4.17,"Balance",54.17,"Slapdash",2.33,"Flat",93.83,"Noon",54.33,"0.012162362739735461600321",103,208
209,"Main",24.33,"Yep",95.83,"Order",29.83,"Revolucion",3.67,"Flat",93.83,"Noon",54.33,"0.130120084323793377967249",401,209
210,"Group",45.33,"Yep",95.83,"Order",29.83,"Honeypot",1.67,"Flat",93.83,"Noon",54.33,"0.110315961113749458344380",373,210
211,"Group",45.33,"Yep",95.83,"Balance",54.17,"Atlas",5.67,"Flat",93.83,"Bright Evening",10,"0.125190339739081224479378",391,211
212,"Group",45.33,"Yep",95.83,"Balance",54.17,"Honeypot",1.67,"Flat",93.83,"Noon",54.33,"0.200329051744277841784481",474,212
213,"Group",45.33,"Yep",95.83,"Chaos",16,"Hotspot",6,"Cube",1.67,"Bright Morning",9.67,"0.000673443841091615866441",14,213
214,"Random",19.17,"Yep",95.83,"Balance",54.17,"Atlas",5.67,"Flat",93.83,"Noon",54.33,"0.287638434809895315868999",519,214
215,"Main",24.33,"Yep",95.83,"Order",29.83,"Slapdash",2.33,"Flat",93.83,"Evening",11.17,"0.016984300335468723031074",130,215
216,"Group",45.33,"Yep",95.83,"Order",29.83,"Atlas",5.67,"Cube",1.67,"Bright Evening",10,"0.001226987082592809240669",29,216
217,"Random",19.17,"Yep",95.83,"Order",29.83,"Red Spider",5,"Flat",93.83,"Morning",9.33,"0.023986684276787888919769",163,217
218,"Group",45.33,"Yep",95.83,"Balance",54.17,"Verena",4.17,"Flat",93.83,"Noon",54.33,"0.500222841780622040630533",574,218
219,"Single",11.17,"Yep",95.83,"Balance",54.17,"Red Spider",5,"Flat",93.83,"Noon",54.33,"0.147796763057840868649251",421,219
220,"Group",45.33,"Yep",95.83,"Balance",54.17,"Warm Duo",2.17,"Flat",93.83,"Bright Morning",9.67,"0.046331244621709108399976",253,220
221,"Group",45.33,"Yep",95.83,"Balance",54.17,"Giftcard",3.83,"Flat",93.83,"Noon",54.33,"0.459437286335679151427769",571,221
222,"Group",45.33,"Yep",95.83,"Order",29.83,"Sprague",2.5,"Flat",93.83,"Noon",54.33,"0.165143654361900399374363",442,222
223,"Group",45.33,"Yep",95.83,"Balance",54.17,"Mantis",2.33,"Flat",93.83,"Noon",54.33,"0.279501012313872698733519",514,223
224,"Random",19.17,"Yep",95.83,"Chaos",16,"Hotspot",6,"Flat",93.83,"Bright Evening",10,"0.016547658529247999403822",128,224
225,"Group",45.33,"Yep",95.83,"Balance",54.17,"Yellow Spider",4.5,"Flat",93.83,"Noon",54.33,"0.539808822065419358082750",576,225
226,"Random",19.17,"Yep",95.83,"Order",29.83,"Jolly",1,"Flat",93.83,"Noon",54.33,"0.027935617508207638559625",181,226
227,"Main",24.33,"Yep",95.83,"Chaos",16,"Romeo",1.5,"Flat",93.83,"Bright Evening",10,"0.005250450339287998993698",63,227
228,"Random",19.17,"Yep",95.83,"Balance",54.17,"Verena",4.17,"Flat",93.83,"Noon",54.33,"0.211543610786113472910230",479,228
229,"Random",19.17,"Yep",95.83,"Order",29.83,"Pink Spider",3,"Flat",93.83,"Bright Morning",9.67,"0.014916478260870670927152",115,229
230,"Main",24.33,"Yep",95.83,"Chaos",16,"Bangalore",1.33,"Flat",93.83,"Noon",54.33,"0.025292784401438513086635",170,230
231,"Single",11.17,"Yep",95.83,"Order",29.83,"Tropico",2.33,"Flat",93.83,"Noon",54.33,"0.037926717518537440831938",226,231
232,"Group",45.33,"Yep",95.83,"Order",29.83,"Nightlife",2.33,"Flat",93.83,"Noon",54.33,"0.153913885865291172327929",429,232
233,"Random",19.17,"Yep",95.83,"Order",29.83,"Docks",2.67,"Flat",93.83,"Morning",9.33,"0.012808889403804731357828",105,233
234,"Group",45.33,"Yep",95.83,"Balance",54.17,"Revolucion",3.67,"Flat",93.83,"Noon",54.33,"0.440244083773353056532329",566,234
235,"Group",45.33,"Yep",95.83,"Balance",54.17,"Slapdash",2.33,"Flat",93.83,"Noon",54.33,"0.279501012313872698733519",516,235
236,"Random",19.17,"Yep",95.83,"Balance",54.17,"Atlas",5.67,"Flat",93.83,"Morning",9.33,"0.049395667159512664234899",268,236
237,"Group",45.33,"Yep",95.83,"Order",29.83,"Paddle",2,"Flat",93.83,"Noon",54.33,"0.132114923489520308397260",404,237
238,"Random",19.17,"Yep",95.83,"Balance",54.17,"Alpha Dog",0.83,"Flat",93.83,"Evening",11.17,"0.008656760819766655054575",81,238
239,"Group",45.33,"Yep",95.83,"Balance",54.17,"Nightlife",2.33,"Flat",93.83,"Morning",9.33,"0.047998241209063728651696",263,239
240,"Group",45.33,"Yep",95.83,"Balance",54.17,"Red Spider",5,"Corner",4.5,"Bright",5.5,"0.002911999193767125359428",51,240
241,"Single",11.17,"Yep",95.83,"Order",29.83,"Pink Spider",3,"Flat",93.83,"Noon",54.33,"0.048832683500262798192981",266,241
242,"Main",24.33,"Yep",95.83,"Balance",54.17,"Verena",4.17,"Flat",93.83,"Morning",9.33,"0.046106467307753536133408",252,242
243,"Random",19.17,"Yep",95.83,"Chaos",16,"Romeo",1.5,"Flat",93.83,"Noon",54.33,"0.022475857197351095662086",158,243
244,"Group",45.33,"Yep",95.83,"Balance",54.17,"Red Spider",5,"Flat",93.83,"Bright",5.5,"0.060718418744704308331883",304,244
245,"Group",45.33,"Yep",95.83,"Balance",54.17,"Atlas",5.67,"Flat",93.83,"Noon",54.33,"0.680159115802428382302480",594,245
246,"Group",45.33,"Yep",95.83,"Order",29.83,"Hotshot",5.33,"Flat",93.83,"Noon",54.33,"0.352086271099571634923819",546,246
247,"Group",45.33,"Yep",95.83,"Order",29.83,"Yellow Spider",4.5,"Flat",93.83,"Bright Morning",9.67,"0.052907978056750182282997",276,247
248,"Group",45.33,"Yep",95.83,"Order",29.83,"Blue Spider",3.67,"Flat",93.83,"Noon",54.33,"0.242430884603269752863852",489,248
249,"Main",24.33,"Yep",95.83,"Balance",54.17,"Atlas",5.67,"Flat",93.83,"Evening",11.17,"0.075055129910798865089383",336,249
250,"Single",11.17,"Yep",95.83,"Chaos",16,"Paddle",2,"Cube",1.67,"Bright Morning",9.67,"0.000055315594565727992549",1,250
251,"Group",45.33,"Yep",95.83,"Balance",54.17,"Revolucion",3.67,"Flat",93.83,"Noon",54.33,"0.440244083773353056532329",564,251
252,"Main",24.33,"Yep",95.83,"Order",29.83,"Red Spider",5,"Flat",93.83,"Noon",54.33,"0.177275319242225309901428",453,252
253,"Single",11.17,"Yep",95.83,"Balance",54.17,"Green Spider",3.67,"Flat",93.83,"Evening",11.17,"0.022303573440518396214793",156,253
254,"Group",45.33,"Yep",95.83,"Chaos",16,"Red Spider",5,"Flat",93.83,"Noon",54.33,"0.177157121675521667114594",452,254
255,"Main",24.33,"Yep",95.83,"Balance",54.17,"Hotspot",6,"Flat",93.83,"Noon",54.33,"0.386309247469715455469697",563,255
256,"Group",45.33,"Yep",95.83,"Balance",54.17,"Bangalore",1.33,"Flat",93.83,"Evening",11.17,"0.032801414571389152230463",207,256
257,"Group",45.33,"Yep",95.83,"Order",29.83,"Slapdash",2.33,"Flat",93.83,"Evening",11.17,"0.031643992363616826879458",201,257
258,"Main",24.33,"Yep",95.83,"Order",29.83,"Punk",2.33,"Corner",4.5,"Bright Evening",10,"0.000729231273320445050855",16,258
259,"Group",45.33,"Yep",95.83,"Balance",54.17,"Hotspot",6,"Flat",93.83,"Noon",54.33,"0.719745096087225810776999",596,259
260,"Random",19.17,"Yep",95.83,"Balance",54.17,"Hotshot",5.33,"Flat",93.83,"Evening",11.17,"0.055591006228140081579792",290,260
261,"Group",45.33,"Yep",95.83,"Order",29.83,"Mysore",4.83,"Flat",93.83,"Morning",9.33,"0.054791217565243806320030",283,261
262,"Random",19.17,"Nope!",4.17,"Balance",54.17,"Romeo",1.5,"Flat",93.83,"Noon",54.33,"0.003311232559523846416538",56,262
263,"Group",45.33,"Yep",95.83,"Balance",54.17,"Cherfi",1.5,"Flat",93.83,"Noon",54.33,"0.179936274021806452694250",461,263
264,"Main",24.33,"Yep",95.83,"Chaos",16,"Cold Duo",1.67,"Flat",93.83,"Noon",54.33,"0.031758608985264898116885",202,264
265,"Random",19.17,"Yep",95.83,"Chaos",16,"Blue Spider",3.67,"Flat",93.83,"Noon",54.33,"0.054990930609519018956721",288,265
266,"Single",11.17,"Yep",95.83,"Balance",54.17,"Blue Spider",3.67,"Flat",93.83,"Noon",54.33,"0.108482824084455198310195",369,266
267,"Random",19.17,"Yep",95.83,"Order",29.83,"Cold Duo",1.67,"Flat",93.83,"Noon",54.33,"0.046652481238706758337464",257,267
268,"Main",24.33,"Yep",95.83,"Balance",54.17,"Warm Duo",2.17,"Corner",4.5,"Bright Morning",9.67,"0.001192617435879308540950",27,268
269,"Main",24.33,"Nope!",4.17,"Balance",54.17,"Hotspot",6,"Corner",4.5,"Bright",5.5,"0.000081613772514450025558",2,269
270,"Group",45.33,"Yep",95.83,"Balance",54.17,"Yellow Spider",4.5,"Flat",93.83,"Bright Evening",10,"0.099357412491334312631963",362,270
271,"Group",45.33,"Yep",95.83,"Order",29.83,"Verena",4.17,"Flat",93.83,"Morning",9.33,"0.047304218891732231766500",260,271
272,"Group",45.33,"Yep",95.83,"Balance",54.17,"Warm Duo",2.17,"Flat",93.83,"Noon",54.33,"0.260307809751546659349231",499,272
273,"Random",19.17,"Yep",95.83,"Balance",54.17,"Mantis",2.33,"Flat",93.83,"Noon",54.33,"0.118200626650274448481426",385,273
274,"Single",11.17,"Yep",95.83,"Balance",54.17,"Mural",2.5,"Flat",93.83,"Bright",5.5,"0.007480969968876539401281",75,274
275,"Group",45.33,"Yep",95.83,"Order",29.83,"Nowak",2.17,"Flat",93.83,"Morning",9.33,"0.024616344123515335184926",167,275
276,"Main",24.33,"Yep",95.83,"Balance",54.17,"Docks",2.67,"Flat",93.83,"Evening",11.17,"0.035343420963286228952960",217,276
277,"Group",45.33,"Yep",95.83,"Balance",54.17,"Green Spider",3.67,"Flat",93.83,"Bright Evening",10,"0.081031489742932644171347",342,277
278,"Group",45.33,"Yep",95.83,"Balance",54.17,"Hotspot",6,"Flat",93.83,"Noon",54.33,"0.719745096087225810776999",600,278
279,"Group",45.33,"Yep",95.83,"Order",29.83,"Nowak",2.17,"Flat",93.83,"Noon",54.33,"0.143344691986129535443695",417,279
280,"Group",45.33,"Yep",95.83,"Order",29.83,"Pink Spider",3,"Flat",93.83,"Noon",54.33,"0.198172385234280462595891",471,280
281,"Group",45.33,"Yep",95.83,"Balance",54.17,"Hotshot",5.33,"Flat",93.83,"Bright Morning",9.67,"0.113799785176824680421603",380,281
282,"Random",19.17,"Yep",95.83,"Order",29.83,"Punk",2.33,"Flat",93.83,"Morning",9.33,"0.011177794872983155827217",99,282
283,"Group",45.33,"Yep",95.83,"Order",29.83,"Verena",4.17,"Flat",93.83,"Noon",54.33,"0.275459615475649843840955",506,283
284,"Group",45.33,"Yep",95.83,"Chaos",16,"Cold Duo",1.67,"Flat",93.83,"Noon",54.33,"0.059170478639624234096228",297,284
285,"Group",45.33,"Yep",95.83,"Balance",54.17,"Verena",4.17,"Flat",93.83,"Noon",54.33,"0.500222841780622040630533",575,285
286,"Group",45.33,"Yep",95.83,"Order",29.83,"Hotspot",6,"Flat",93.83,"Morning",9.33,"0.068063624304650696683616",322,286
287,"Group",45.33,"Yep",95.83,"Balance",54.17,"Alpha Dog",0.83,"Corner",4.5,"Bright Morning",9.67,"0.000849890790148884536781",19,287
288,"Random",19.17,"Yep",95.83,"Balance",54.17,"Red Spider",5,"Flat",93.83,"Bright Morning",9.67,"0.045146140763848721655371",251,288
289,"Random",19.17,"Yep",95.83,"Balance",54.17,"Verena",4.17,"Flat",93.83,"Noon",54.33,"0.211543610786113472910230",477,289
290,"Group",45.33,"Yep",95.83,"Balance",54.17,"Tropico",2.33,"Flat",93.83,"Noon",54.33,"0.279501012313872698733519",507,290
291,"Group",45.33,"Yep",95.83,"Balance",54.17,"Red Spider",5,"Flat",93.83,"Noon",54.33,"0.599787580072688175647500",588,291
292,"Random",19.17,"Yep",95.83,"Balance",54.17,"Giftcard",3.83,"Flat",93.83,"Noon",54.33,"0.194295450674056235929044",470,292
293,"Random",19.17,"Yep",95.83,"Chaos",16,"Sprague",2.5,"Flat",93.83,"Noon",54.33,"0.037459761995585164062739",222,293
294,"Main",24.33,"Yep",95.83,"Balance",54.17,"Yellow Spider",4.5,"Flat",93.83,"Noon",54.33,"0.289731935602286605480060",520,294
295,"Group",45.33,"Yep",95.83,"Balance",54.17,"Mural",2.5,"Flat",93.83,"Noon",54.33,"0.299893790036344087823750",526,295
296,"Random",19.17,"Yep",95.83,"Balance",54.17,"Arcade",1.83,"Flat",93.83,"Morning",9.33,"0.015942516913916786325256",125,296
297,"Group",45.33,"Yep",95.83,"Balance",54.17,"Pink Spider",3,"Flat",93.83,"Noon",54.33,"0.359872548043612905388500",553,297
298,"Random",19.17,"Yep",95.83,"Balance",54.17,"Yellow Spider",4.5,"Flat",93.83,"Noon",54.33,"0.228284472071345473365156",484,298
299,"Group",45.33,"Yep",95.83,"Balance",54.17,"Pink Spider",3,"Flat",93.83,"Noon",54.33,"0.359872548043612905388500",550,299
300,"Group",45.33,"Yep",95.83,"Order",29.83,"Mural",2.5,"Flat",93.83,"Noon",54.33,"0.165143654361900399374363",441,300
301,"Group",45.33,"Yep",95.83,"Balance",54.17,"Rosewood",1.17,"Flat",93.83,"Noon",54.33,"0.140350293737009024219731",414,301
302,"Main",24.33,"Yep",95.83,"Balance",54.17,"Mural",2.5,"Flat",93.83,"Noon",54.33,"0.160962186445714805493878",439,302
303,"Group",45.33,"Yep",95.83,"Order",29.83,"Blue Spider",3.67,"Flat",93.83,"Noon",54.33,"0.242430884603269752863852",494,303
304,"Group",45.33,"Yep",95.83,"Chaos",16,"Hotspot",6,"Flat",93.83,"Evening",11.17,"0.043707234657439579528226",242,304
305,"Group",45.33,"Yep",95.83,"Balance",54.17,"Red Spider",5,"Flat",93.83,"Noon",54.33,"0.599787580072688175647500",586,305
306,"Group",45.33,"Yep",95.83,"Balance",54.17,"Hotshot",5.33,"Corner",4.5,"Bright",5.5,"0.003104191140555755037272",54,306
307,"Random",19.17,"Yep",95.83,"Order",29.83,"Pink Spider",3,"Flat",93.83,"Bright Evening",10,"0.015425520435233373503503",122,307
308,"Random",19.17,"Yep",95.83,"Order",29.83,"Mysore",4.83,"Flat",93.83,"Noon",54.33,"0.134929032564642892300100",405,308
309,"Group",45.33,"Yep",95.83,"Chaos",16,"Slapdash",2.33,"Flat",93.83,"Bright",5.5,"0.008357329336542646328057",80,309
310,"Group",45.33,"Yep",95.83,"Balance",54.17,"Red Spider",5,"Flat",93.83,"Bright Evening",10,"0.110397124990371464647865",374,310
311,"Group",45.33,"Yep",95.83,"Balance",54.17,"Hotspot",6,"Flat",93.83,"Noon",54.33,"0.719745096087225810776999",597,311
312,"Main",24.33,"Yep",95.83,"Balance",54.17,"Revolucion",3.67,"Flat",93.83,"Noon",54.33,"0.236292489702309288501780",487,312
313,"Random",19.17,"Yep",95.83,"Chaos",16,"Pink Spider",3,"Flat",93.83,"Evening",11.17,"0.009241867288585007417234",88,313
314,"Single",11.17,"Yep",95.83,"Balance",54.17,"Paddle",2,"Corner",4.5,"Bright Morning",9.67,"0.000504640939719861055489",13,314
315,"Main",24.33,"Yep",95.83,"Chaos",16,"Red Spider",5,"Flat",93.83,"Noon",54.33,"0.095085655644505676087341",356,315
316,"Group",45.33,"Nope!",4.17,"Order",29.83,"Delphi",1.5,"Flat",93.83,"Evening",11.17,"0.000886464148263368923418",23,316
317,"Main",24.33,"Yep",95.83,"Balance",54.17,"Yellow Spider",4.5,"Flat",93.83,"Evening",11.17,"0.059567563421268933387953",298,317
318,"Random",19.17,"Yep",95.83,"Order",29.83,"Cold Duo",1.67,"Corner",4.5,"Bright Evening",10,"0.000411818487586695079240",10,318
319,"Random",19.17,"Yep",95.83,"Balance",54.17,"Verena",4.17,"Flat",93.83,"Bright Morning",9.67,"0.037651881397049828670287",223,319
320,"Group",45.33,"Yep",95.83,"Balance",54.17,"Hotshot",5.33,"Flat",93.83,"Noon",54.33,"0.639373560357485604122019",590,320
321,"Single",11.17,"Yep",95.83,"Balance",54.17,"Tropico",2.33,"Flat",93.83,"Noon",54.33,"0.068873291584953852395579",324,321
322,"Group",45.33,"Yep",95.83,"Order",29.83,"Verena",4.17,"Flat",93.83,"Noon",54.33,"0.275459615475649843840955",505,322
323,"Main",24.33,"Yep",95.83,"Balance",54.17,"Nowak",2.17,"Flat",93.83,"Bright Evening",10,"0.025716027578663803315751",173,323
324,"Group",45.33,"Yep",95.83,"Order",29.83,"Blue Spider",3.67,"Flat",93.83,"Evening",11.17,"0.049842683250847091835922",271,324
325,"Group",45.33,"Yep",95.83,"Order",29.83,"Mantis",2.33,"Flat",93.83,"Noon",54.33,"0.153913885865291172327929",432,325
326,"Single",11.17,"Yep",95.83,"Order",29.83,"Nightlife",2.33,"Flat",93.83,"Noon",54.33,"0.037926717518537440831938",227,326
327,"Group",45.33,"Yep",95.83,"Balance",54.17,"Verena",4.17,"Cube",1.67,"Bright Evening",10,"0.001638696661452516273316",34,327
328,"Main",24.33,"Yep",95.83,"Order",29.83,"Nowak",2.17,"Flat",93.83,"Evening",11.17,"0.015817996449771300898623",123,328
329,"Group",45.33,"Yep",95.83,"Balance",54.17,"Docks",2.67,"Flat",93.83,"Noon",54.33,"0.320286567758815476913981",536,329
330,"Group",45.33,"Yep",95.83,"Balance",54.17,"Mysore",4.83,"Flat",93.83,"Noon",54.33,"0.579394802350216897579571",584,330
331,"Group",45.33,"Yep",95.83,"Balance",54.17,"Sprague",2.5,"Flat",93.83,"Noon",54.33,"0.299893790036344087823750",523,331
332,"Group",45.33,"Yep",95.83,"Balance",54.17,"Mural",2.5,"Flat",93.83,"Noon",54.33,"0.299893790036344087823750",528,332
333,"Group",45.33,"Yep",95.83,"Order",29.83,"Red Spider",5,"Flat",93.83,"Noon",54.33,"0.330287308723800798748726",539,333
334,"Main",24.33,"Yep",95.83,"Order",29.83,"Blue Spider",3.67,"Flat",93.83,"Noon",54.33,"0.130120084323793377967249",400,334
335,"Single",11.17,"Yep",95.83,"Balance",54.17,"Green Spider",3.67,"Flat",93.83,"Noon",54.33,"0.108482824084455198310195",370,335
336,"Single",11.17,"Yep",95.83,"Chaos",16,"Atlas",5.67,"Flat",93.83,"Noon",54.33,"0.049503866880588227872284",269,336
337,"Random",19.17,"Yep",95.83,"Chaos",16,"Hotshot",5.33,"Flat",93.83,"Evening",11.17,"0.016419717549386026594904",127,337
338,"Group",45.33,"Yep",95.83,"Balance",54.17,"Main Course",2.83,"Flat",93.83,"Noon",54.33,"0.339479770321141516298269",544,338
339,"Group",45.33,"Yep",95.83,"Chaos",16,"Cold Duo",1.67,"Flat",93.83,"Bright Evening",10,"0.010890940298108638464858",94,339
340,"Random",19.17,"Yep",95.83,"Balance",54.17,"Revolucion",3.67,"Flat",93.83,"Noon",54.33,"0.186178669444852867842499",465,340
341,"Group",45.33,"Yep",95.83,"Balance",54.17,"Verena",4.17,"Flat",93.83,"Morning",9.33,"0.085902431691757832887824",350,341
342,"Main",24.33,"Yep",95.83,"Chaos",16,"Alpha Dog",0.83,"Flat",93.83,"Bright Evening",10,"0.002905249187739360021421",50,342
343,"Main",24.33,"Yep",95.83,"Balance",54.17,"Atlas",5.67,"Flat",93.83,"Noon",54.33,"0.365062238858881116243538",556,343
344,"Group",45.33,"Nope!",4.17,"Chaos",16,"Atlas",5.67,"Flat",93.83,"Noon",54.33,"0.008741908106404815137491",83,344
345,"Random",19.17,"Yep",95.83,"Balance",54.17,"Mysore",4.83,"Flat",93.83,"Bright Morning",9.67,"0.043611171977877859207151",239,345
346,"Main",24.33,"Yep",95.83,"Balance",54.17,"Main Course",2.83,"Flat",93.83,"Noon",54.33,"0.182209195056549144720037",463,346
347,"Random",19.17,"Yep",95.83,"Balance",54.17,"Atlas",5.67,"Flat",93.83,"Noon",54.33,"0.287638434809895315868999",518,347
348,"Main",24.33,"Yep",95.83,"Order",29.83,"Green Spider",3.67,"Flat",93.83,"Evening",11.17,"0.026752095378184643365005",177,348
349,"Group",45.33,"Yep",95.83,"Balance",54.17,"Mysore",4.83,"Flat",93.83,"Noon",54.33,"0.579394802350216897579571",583,349
350,"Group",45.33,"Yep",95.83,"Balance",54.17,"Revolucion",3.67,"Flat",93.83,"Noon",54.33,"0.440244083773353056532329",569,350
351,"Single",11.17,"Yep",95.83,"Chaos",16,"Red Spider",5,"Flat",93.83,"Noon",54.33,"0.043654203598402316344185",240,351
352,"Main",24.33,"Yep",95.83,"Order",29.83,"Hotshot",5.33,"Flat",93.83,"Bright Morning",9.67,"0.033635063341047141682871",211,352
353,"Group",45.33,"Yep",95.83,"Balance",54.17,"Cherfi",1.5,"Flat",93.83,"Noon",54.33,"0.179936274021806452694250",457,353
354,"Group",45.33,"Yep",95.83,"Balance",54.17,"Rosewood",1.17,"Flat",93.83,"Bright",5.5,"0.014208109986260803944691",112,354
355,"Main",24.33,"Yep",95.83,"Chaos",16,"Blue Spider",3.67,"Flat",93.83,"Noon",54.33,"0.069792871243067156061812",327,355
356,"Group",45.33,"Yep",95.83,"Order",29.83,"Nightlife",2.33,"Flat",93.83,"Noon",54.33,"0.153913885865291172327929",431,356
357,"Main",24.33,"Yep",95.83,"Chaos",16,"Golden Duo",1,"Flat",93.83,"Evening",11.17,"0.003909835352656463453025",58,357
358,"Random",19.17,"Yep",95.83,"Balance",54.17,"Giftcard",3.83,"Flat",93.83,"Evening",11.17,"0.039946257758682275629258",229,358
359,"Single",11.17,"Nope!",4.17,"Chaos",16,"Nightlife",2.33,"Flat",93.83,"Noon",54.33,"0.000885210492710918929460",22,359
360,"Group",45.33,"Yep",95.83,"Order",29.83,"Main Course",2.83,"Flat",93.83,"Noon",54.33,"0.186942616737671263305032",469,360
361,"Random",19.17,"Yep",95.83,"Balance",54.17,"Hotshot",5.33,"Flat",93.83,"Morning",9.33,"0.046433669481517191035547",254,361
362,"Group",45.33,"Yep",95.83,"Balance",54.17,"Sprague",2.5,"Flat",93.83,"Bright Morning",9.67,"0.053377009932844603212754",279,362
363,"Main",24.33,"Yep",95.83,"Balance",54.17,"Green Spider",3.67,"Flat",93.83,"Bright",5.5,"0.023920645929738654916763",162,363
364,"Random",19.17,"Yep",95.83,"Order",29.83,"Warm Duo",2.17,"Flat",93.83,"Noon",54.33,"0.060620289992810577617277",302,364
365,"Main",24.33,"Yep",95.83,"Balance",54.17,"Romeo",1.5,"Flat",93.83,"Bright Morning",9.67,"0.017189446084263520359015",131,365
366,"Group",45.33,"Yep",95.83,"Balance",54.17,"Tropico",2.33,"Flat",93.83,"Bright",5.5,"0.028294783135032204601789",183,366
367,"Group",45.33,"Yep",95.83,"Chaos",16,"Yellow Spider",4.5,"Corner",4.5,"Bright Evening",10,"0.001407447543599999687652",31,367
368,"Group",45.33,"Yep",95.83,"Balance",54.17,"Delphi",1.5,"Flat",93.83,"Noon",54.33,"0.179936274021806452694250",460,368
369,"Random",19.17,"Nope!",4.17,"Balance",54.17,"Nowak",2.17,"Flat",93.83,"Bright Evening",10,"0.000881695153588164695461",21,369
370,"Single",11.17,"Nope!",4.17,"Balance",54.17,"Shelter",0.83,"Flat",93.83,"Evening",11.17,"0.000219493187541682237447",6,370
371,"Random",19.17,"Yep",95.83,"Order",29.83,"Red Spider",5,"Flat",93.83,"Noon",54.33,"0.139678087541038192798126",409,371
372,"Random",19.17,"Yep",95.83,"Order",29.83,"Giftcard",3.83,"Flat",93.83,"Morning",9.33,"0.018373800156019522850093",135,372
373,"Group",45.33,"Yep",95.83,"Order",29.83,"Mysore",4.83,"Flat",93.83,"Morning",9.33,"0.054791217565243806320030",284,373
374,"Single",11.17,"Yep",95.83,"Chaos",16,"Blue Spider",3.67,"Flat",93.83,"Bright Evening",10,"0.005897696565659359645151",66,374
375,"Main",24.33,"Yep",95.83,"Chaos",16,"Sprague",2.5,"Flat",93.83,"Bright Evening",10,"0.008750750565479999479312",84,375
376,"Random",19.17,"Yep",95.83,"Balance",54.17,"Verena",4.17,"Flat",93.83,"Noon",54.33,"0.211543610786113472910230",478,376
377,"Single",11.17,"Yep",95.83,"Balance",54.17,"Delphi",1.5,"Flat",93.83,"Noon",54.33,"0.044339028917352259206996",246,377
378,"Random",19.17,"Yep",95.83,"Order",29.83,"Honeypot",1.67,"Flat",93.83,"Noon",54.33,"0.046652481238706758337464",256,378
379,"Single",11.17,"Yep",95.83,"Order",29.83,"Ducci",0.17,"Flat",93.83,"Noon",54.33,"0.002767185398348225196241",48,379
380,"Random",19.17,"Yep",95.83,"Balance",54.17,"Green Spider",3.67,"Flat",93.83,"Bright Evening",10,"0.034268115119612155283768",214,380
381,"Random",19.17,"Yep",95.83,"Balance",54.17,"Mysore",4.83,"Flat",93.83,"Bright Evening",10,"0.045099453958508645134984",250,381
382,"Main",24.33,"Yep",95.83,"Order",29.83,"Main Course",2.83,"Flat",93.83,"Noon",54.33,"0.100337830691099513802378",364,382
383,"Random",19.17,"Yep",95.83,"Balance",54.17,"Punk",2.33,"Flat",93.83,"Morning",9.33,"0.020298395852145417056489",149,383
384,"Main",24.33,"Yep",95.83,"Balance",54.17,"Hotshot",5.33,"Flat",93.83,"Evening",11.17,"0.070554469563414087818209",330,384
385,"Single",11.17,"Yep",95.83,"Balance",54.17,"Blue Spider",3.67,"Flat",93.83,"Bright",5.5,"0.010982063914310757554715",97,385
386,"Group",45.33,"Yep",95.83,"Balance",54.17,"Sprague",2.5,"Flat",93.83,"Bright Morning",9.67,"0.053377009932844603212754",278,386
387,"Group",45.33,"Yep",95.83,"Balance",54.17,"Tropico",2.33,"Flat",93.83,"Bright Morning",9.67,"0.049747373257411166280750",270,387
388,"Random",19.17,"Yep",95.83,"Balance",54.17,"Revolucion",3.67,"Flat",93.83,"Noon",54.33,"0.186178669444852867842499",467,388
389,"Main",24.33,"Yep",95.83,"Order",29.83,"Green Spider",3.67,"Flat",93.83,"Bright",5.5,"0.013172473104746245178842",109,389
390,"Single",11.17,"Yep",95.83,"Balance",54.17,"Giftcard",3.83,"Flat",93.83,"Bright Evening",10,"0.020837901804216109324930",152,390
391,"Single",11.17,"Yep",95.83,"Balance",54.17,"Giftcard",3.83,"Flat",93.83,"Morning",9.33,"0.019441762383333626579285",141,391
392,"Main",24.33,"Yep",95.83,"Order",29.83,"Atlas",5.67,"Corner",4.5,"Bright Evening",10,"0.001774567090011555181919",35,392
393,"Random",19.17,"Yep",95.83,"Balance",54.17,"Punk",2.33,"Flat",93.83,"Morning",9.33,"0.020298395852145417056489",148,393
394,"Main",24.33,"Yep",95.83,"Balance",54.17,"Giftcard",3.83,"Flat",93.83,"Evening",11.17,"0.050698615089657783627786",272,394
395,"Main",24.33,"Yep",95.83,"Balance",54.17,"Yellow Spider",4.5,"Flat",93.83,"Evening",11.17,"0.059567563421268933387953",299,395
396,"Main",24.33,"Yep",95.83,"Order",29.83,"Giftcard",3.83,"Flat",93.83,"Noon",54.33,"0.135792894539544573007106",408,396
397,"Group",45.33,"Yep",95.83,"Balance",54.17,"Green Spider",3.67,"Cube",1.67,"Bright",5.5,"0.000793215638163525822019",17,397
398,"Main",24.33,"Yep",95.83,"Balance",54.17,"Atlas",5.67,"Flat",93.83,"Noon",54.33,"0.365062238858881116243538",555,398
399,"Group",45.33,"Yep",95.83,"Balance",54.17,"Pink Spider",3,"Flat",93.83,"Bright Morning",9.67,"0.064052411919413521079747",312,399
400,"Main",24.33,"Yep",95.83,"Balance",54.17,"Mural",2.5,"Flat",93.83,"Noon",54.33,"0.160962186445714805493878",437,400
401,"Group",45.33,"Yep",95.83,"Order",29.83,"Sprague",2.5,"Flat",93.83,"Bright Morning",9.67,"0.029393321142638994397656",187,401
402,"Random",19.17,"Yep",95.83,"Balance",54.17,"Atlas",5.67,"Flat",93.83,"Bright Morning",9.67,"0.051195723626204441003562",273,402
403,"Random",19.17,"Yep",95.83,"Order",29.83,"Yellow Spider",4.5,"Flat",93.83,"Noon",54.33,"0.125710278786934359640526",394,403
404,"Random",19.17,"Yep",95.83,"Order",29.83,"Verena",4.17,"Flat",93.83,"Bright Evening",10,"0.021441473404974389915800",154,404
405,"Single",11.17,"Yep",95.83,"Balance",54.17,"Honeypot",1.67,"Flat",93.83,"Bright Evening",10,"0.009085978071290051749642",85,405
406,"Main",24.33,"Yep",95.83,"Balance",54.17,"Mysore",4.83,"Flat",93.83,"Noon",54.33,"0.310978944213121000217370",529,406
407,"Random",19.17,"Yep",95.83,"Balance",54.17,"Mysore",4.83,"Flat",93.83,"Morning",9.33,"0.042077790543288563773761",234,407
408,"Single",11.17,"Yep",95.83,"Chaos",16,"Tropico",2.33,"Flat",93.83,"Evening",11.17,"0.004182398926090110345688",59,408
409,"Group",45.33,"Yep",95.83,"Balance",54.17,"Yellow Spider",4.5,"Flat",93.83,"Noon",54.33,"0.539808822065419358082750",580,409
410,"Random",19.17,"Yep",95.83,"Order",29.83,"Nightlife",2.33,"Flat",93.83,"Noon",54.33,"0.065089988794123795901037",317,410
411,"Group",45.33,"Yep",95.83,"Balance",54.17,"Slapdash",2.33,"Flat",93.83,"Noon",54.33,"0.279501012313872698733519",509,411
412,"Random",19.17,"Yep",95.83,"Chaos",16,"Mysore",4.83,"Flat",93.83,"Noon",54.33,"0.072372260175470548571042",332,412
413,"Main",24.33,"Yep",95.83,"Order",29.83,"Mural",2.5,"Corner",4.5,"Bright",5.5,"0.000430340343697687473939",11,413
414,"Main",24.33,"Yep",95.83,"Chaos",16,"Romeo",1.5,"Flat",93.83,"Noon",54.33,"0.028525696693351702132313",185,414
415,"Main",24.33,"Yep",95.83,"Balance",54.17,"Punk",2.33,"Flat",93.83,"Evening",11.17,"0.030842760615901472498468",196,415
416,"Group",45.33,"Yep",95.83,"Order",29.83,"Warm Duo",2.17,"Flat",93.83,"Noon",54.33,"0.143344691986129535443695",416,416
417,"Main",24.33,"Yep",95.83,"Chaos",16,"Yellow Spider",4.5,"Flat",93.83,"Bright",5.5,"0.008663243059825197905921",82,417
418,"Group",45.33,"Yep",95.83,"Balance",54.17,"Warm Duo",2.17,"Flat",93.83,"Noon",54.33,"0.260307809751546659349231",500,418
419,"Main",24.33,"Yep",95.83,"Order",29.83,"Spider King",0.17,"Flat",93.83,"Noon",54.33,"0.006027360854235660342360",67,419
420,"Group",45.33,"Yep",95.83,"Balance",54.17,"Tropico",2.33,"Flat",93.83,"Evening",11.17,"0.057464132294238128018105",294,420
421,"Main",24.33,"Yep",95.83,"Order",29.83,"Rosewood",1.17,"Flat",93.83,"Noon",54.33,"0.041482424702680716077641",231,421
422,"Main",24.33,"Yep",95.83,"Balance",54.17,"Mysore",4.83,"Flat",93.83,"Noon",54.33,"0.310978944213121000217370",532,422
423,"Single",11.17,"Yep",95.83,"Balance",54.17,"Atlas",5.67,"Flat",93.83,"Noon",54.33,"0.167601529307591562423241",444,423
424,"Random",19.17,"Yep",95.83,"Balance",54.17,"Miradors",0.33,"Flat",93.83,"Morning",9.33,"0.002874880099230895432599",49,424
425,"Random",19.17,"Yep",95.83,"Balance",54.17,"Revolucion",3.67,"Flat",93.83,"Noon",54.33,"0.186178669444852867842499",466,425
426,"Group",45.33,"Yep",95.83,"Chaos",16,"Punk",2.33,"Flat",93.83,"Evening",11.17,"0.016972976125305704042656",129,426
427,"Random",19.17,"Yep",95.83,"Order",29.83,"Rosewood",1.17,"Flat",93.83,"Noon",54.33,"0.032684672484602932118758",206,427
428,"Random",19.17,"Yep",95.83,"Balance",54.17,"Arcade",1.83,"Flat",93.83,"Noon",54.33,"0.092835685309013829535907",353,428
429,"Group",45.33,"Yep",95.83,"Balance",54.17,"Hotshot",5.33,"Corner",4.5,"Bright",5.5,"0.003104191140555755037272",53,429
430,"Group",45.33,"Yep",95.83,"Balance",54.17,"Yellow Spider",4.5,"Flat",93.83,"Noon",54.33,"0.539808822065419358082750",578,430
431,"Main",24.33,"Yep",95.83,"Order",29.83,"Atlas",5.67,"Flat",93.83,"Morning",9.33,"0.034522581964899254347579",215,431
432,"Group",45.33,"Yep",95.83,"Order",29.83,"Truce",0.67,"Flat",93.83,"Noon",54.33,"0.044258499368989304145749",243,432
433,"Single",11.17,"Nope!",4.17,"Balance",54.17,"Atlas",5.67,"Flat",93.83,"Noon",54.33,"0.007293106305047029891409",73,433
434,"Group",45.33,"Yep",95.83,"Order",29.83,"Atlas",5.67,"Flat",93.83,"Noon",54.33,"0.374545808092790089016688",559,434
435,"Group",45.33,"Yep",95.83,"Balance",54.17,"Punk",2.33,"Flat",93.83,"Noon",54.33,"0.279501012313872698733519",511,435
436,"Group",45.33,"Yep",95.83,"Order",29.83,"Docks",2.67,"Flat",93.83,"Morning",9.33,"0.030288312815569557595596",190,436
437,"Random",19.17,"Yep",95.83,"Order",29.83,"Docks",2.67,"Flat",93.83,"Noon",54.33,"0.074588098746914396897090",333,437
438,"Group",45.33,"Yep",95.83,"Balance",54.17,"Mantis",2.33,"Flat",93.83,"Noon",54.33,"0.279501012313872698733519",513,438
439,"Single",11.17,"Yep",95.83,"Order",29.83,"Revolucion",3.67,"Flat",93.83,"Bright Evening",10,"0.010995518034601170151432",98,439
440,"Random",19.17,"Nope!",4.17,"Balance",54.17,"Blue Spider",3.67,"Flat",93.83,"Noon",54.33,"0.008101482328968344012732",78,440
441,"Single",11.17,"Yep",95.83,"Order",29.83,"Yellow Spider",4.5,"Flat",93.83,"Evening",11.17,"0.015059665231859066525377",117,441
442,"Main",24.33,"Yep",95.83,"Order",29.83,"Hotspot",6,"Flat",93.83,"Bright Morning",9.67,"0.037863110702867332213462",225,442
443,"Group",45.33,"Yep",95.83,"Order",29.83,"Cherfi",1.5,"Flat",93.83,"Noon",54.33,"0.099086192617140231297945",361,443
444,"Random",19.17,"Yep",95.83,"Order",29.83,"Warm Duo",2.17,"Flat",93.83,"Morning",9.33,"0.010410220976125943506685",93,444
445,"Group",45.33,"Yep",95.83,"Order",29.83,"Docks",2.67,"Flat",93.83,"Noon",54.33,"0.176373422858509598665222",450,445
446,"Group",45.33,"Yep",95.83,"Order",29.83,"Slapdash",2.33,"Flat",93.83,"Noon",54.33,"0.153913885865291172327929",428,446
447,"Main",24.33,"Yep",95.83,"Order",29.83,"Docks",2.67,"Flat",93.83,"Noon",54.33,"0.094665020475348291006945",355,447
448,"Random",19.17,"Yep",95.83,"Balance",54.17,"Hotspot",6,"Flat",93.83,"Evening",11.17,"0.062578993877831237679921",310,448
449,"Group",45.33,"Yep",95.83,"Balance",54.17,"Paddle",2,"Flat",93.83,"Noon",54.33,"0.239915032029075270259000",488,449
450,"Random",19.17,"Yep",95.83,"Balance",54.17,"Hotshot",5.33,"Flat",93.83,"Noon",54.33,"0.270390274697838051132237",502,450
451,"Random",19.17,"Yep",95.83,"Order",29.83,"Pink Spider",3,"Flat",93.83,"Bright Evening",10,"0.015425520435233373503503",121,451
452,"Main",24.33,"Nope!",4.17,"Balance",54.17,"Nightlife",2.33,"Flat",93.83,"Bright Evening",10,"0.001201530049886994624617",28,452
453,"Single",11.17,"Nope!",4.17,"Balance",54.17,"Cold Duo",1.67,"Flat",93.83,"Noon",54.33,"0.002148057765331311871199",42,453
454,"Group",45.33,"Yep",95.83,"Chaos",16,"Green Spider",3.67,"Flat",93.83,"Bright Morning",9.67,"0.023144161146439974630074",159,454
455,"Group",45.33,"Yep",95.83,"Order",29.83,"Mural",2.5,"Flat",93.83,"Noon",54.33,"0.165143654361900399374363",443,455
456,"Random",19.17,"Yep",95.83,"Balance",54.17,"Honeypot",1.67,"Flat",93.83,"Noon",54.33,"0.084718904079810433693787",347,456
457,"Group",45.33,"Yep",95.83,"Balance",54.17,"Hotshot",5.33,"Cube",1.67,"Bright Morning",9.67,"0.002025425143827104708383",37,457
458,"Group",45.33,"Yep",95.83,"Balance",54.17,"Golden Duo",1,"Flat",93.83,"Evening",11.17,"0.024662717722848982726536",168,458
459,"Single",11.17,"Yep",95.83,"Balance",54.17,"Giftcard",3.83,"Flat",93.83,"Noon",54.33,"0.113212320502306118541469",378,459
460,"Group",45.33,"Yep",95.83,"Balance",54.17,"Pink Spider",3,"Flat",93.83,"Morning",9.33,"0.061800310569609939737035",306,460
461,"Group",45.33,"Yep",95.83,"Balance",54.17,"Romeo",1.5,"Flat",93.83,"Morning",9.33,"0.030900155284804969868517",198,461
462,"Group",45.33,"Yep",95.83,"Order",29.83,"Blue Spider",3.67,"Flat",93.83,"Bright Evening",10,"0.044621918756353719237584",247,462
463,"Group",45.33,"Yep",95.83,"Order",29.83,"Revolucion",3.67,"Flat",93.83,"Noon",54.33,"0.242430884603269752863852",493,463
464,"Main",24.33,"Yep",95.83,"Balance",54.17,"Alpha Dog",0.83,"Flat",93.83,"Bright",5.5,"0.005409846354682039219763",64,464
465,"Group",45.33,"Yep",95.83,"Balance",54.17,"Docks",2.67,"Flat",93.83,"Evening",11.17,"0.065849456320006771736786",318,465
466,"Main",24.33,"Yep",95.83,"Order",29.83,"Docks",2.67,"Flat",93.83,"Evening",11.17,"0.019462696092575750700382",142,466
467,"Group",45.33,"Yep",95.83,"Order",29.83,"Paddle",2,"Flat",93.83,"Noon",54.33,"0.132114923489520308397260",403,467
468,"Group",45.33,"Yep",95.83,"Order",29.83,"Mural",2.5,"Flat",93.83,"Bright Evening",10,"0.030396402422584279517936",192,468
469,"Group",45.33,"Yep",95.83,"Balance",54.17,"Cherfi",1.5,"Flat",93.83,"Morning",9.33,"0.030900155284804969868517",197,469
470,"Group",45.33,"Yep",95.83,"Balance",54.17,"Atlas",5.67,"Flat",93.83,"Bright Morning",9.67,"0.121059058527691540407822",388,470
471,"Main",24.33,"Yep",95.83,"Chaos",16,"Honeypot",1.67,"Cube",1.67,"Bright Morning",9.67,"0.000100605794734089101588",4,471
472,"Random",19.17,"Yep",95.83,"Balance",54.17,"Hotshot",5.33,"Flat",93.83,"Evening",11.17,"0.055591006228140081579792",291,472
473,"Random",19.17,"Nope!",4.17,"Order",29.83,"Blue Spider",3.67,"Flat",93.83,"Noon",54.33,"0.004461274097713230184226",60,473
474,"Group",45.33,"Yep",95.83,"Balance",54.17,"Cold Duo",1.67,"Flat",93.83,"Bright Morning",9.67,"0.035655842635140190532983",219,474
475,"Single",11.17,"Yep",95.83,"Balance",54.17,"Honeypot",1.67,"Flat",93.83,"Noon",54.33,"0.049364118861318848074937",267,475
476,"Group",45.33,"Yep",95.83,"Order",29.83,"Shelter",0.83,"Flat",93.83,"Noon",54.33,"0.054827693248150927152196",286,476
477,"Group",45.33,"Yep",95.83,"Balance",54.17,"Punk",2.33,"Flat",93.83,"Bright Evening",10,"0.051445060245513103691639",274,477
478,"Main",24.33,"Yep",95.83,"Balance",54.17,"Blue Spider",3.67,"Flat",93.83,"Bright Morning",9.67,"0.042056844752831411271554",233,478
479,"Group",45.33,"Yep",95.83,"Order",29.83,"Giftcard",3.83,"Flat",93.83,"Bright Evening",10,"0.046567288511399115846778",255,479
480,"Random",19.17,"Yep",95.83,"Chaos",16,"Hotshot",5.33,"Flat",93.83,"Noon",54.33,"0.079864212574587561954687",341,480
481,"Group",45.33,"Yep",95.83,"Order",29.83,"Blue Spider",3.67,"Flat",93.83,"Noon",54.33,"0.242430884603269752863852",491,481
482,"Single",11.17,"Yep",95.83,"Chaos",16,"Mysore",4.83,"Flat",93.83,"Noon",54.33,"0.042169960676056640613840",235,482
483,"Group",45.33,"Yep",95.83,"Balance",54.17,"Mural",2.5,"Flat",93.83,"Bright",5.5,"0.030359209372352154165942",191,483
484,"Group",45.33,"Yep",95.83,"Chaos",16,"Hotspot",6,"Flat",93.83,"Noon",54.33,"0.212588546010625989435283",481,484
485,"Group",45.33,"Yep",95.83,"Balance",54.17,"Green Spider",3.67,"Flat",93.83,"Noon",54.33,"0.440244083773353056532329",570,485
486,"Group",45.33,"Yep",95.83,"Balance",54.17,"Mysore",4.83,"Flat",93.83,"Noon",54.33,"0.579394802350216897579571",585,486
487,"Single",11.17,"Yep",95.83,"Balance",54.17,"Truce",0.67,"Flat",93.83,"Noon",54.33,"0.019804766249750676426755",147,487
488,"Main",24.33,"Yep",95.83,"Balance",54.17,"Atlas",5.67,"Flat",93.83,"Evening",11.17,"0.075055129910798865089383",335,488
489,"Main",24.33,"Yep",95.83,"Order",29.83,"Main Course",2.83,"Corner",4.5,"Bright Morning",9.67,"0.000856489954884748086808",20,489
490,"Group",45.33,"Yep",95.83,"Balance",54.17,"Yellow Spider",4.5,"Flat",93.83,"Noon",54.33,"0.539808822065419358082750",582,490
491,"Main",24.33,"Yep",95.83,"Order",29.83,"Paddle",2,"Flat",93.83,"Noon",54.33,"0.070910127696890118409456",331,491
492,"Random",19.17,"Yep",95.83,"Chaos",16,"Mural",2.5,"Flat",93.83,"Noon",54.33,"0.037459761995585164062739",221,492
493,"Random",19.17,"Yep",95.83,"Order",29.83,"Rosewood",1.17,"Flat",93.83,"Bright",5.5,"0.003308774133357557638985",55,493
494,"Group",45.33,"Yep",95.83,"Order",29.83,"Delphi",1.5,"Flat",93.83,"Bright Evening",10,"0.018237841453550569792430",133,494
495,"Main",24.33,"Yep",95.83,"Order",29.83,"Mysore",4.83,"Flat",93.83,"Noon",54.33,"0.171247958387989646089622",448,495
496,"Main",24.33,"Yep",95.83,"Balance",54.17,"Romeo",1.5,"Flat",93.83,"Noon",54.33,"0.096577311867428863867424",359,496
497,"Main",24.33,"Yep",95.83,"Balance",54.17,"Mantis",2.33,"Flat",93.83,"Bright Evening",10,"0.027612140211192012090313",180,497
498,"Group",45.33,"Yep",95.83,"Order",29.83,"Slapdash",2.33,"Flat",93.83,"Bright Evening",10,"0.028329447057848549523795",184,498
499,"Group",45.33,"Yep",95.83,"Chaos",16,"Verena",4.17,"Flat",93.83,"Noon",54.33,"0.147749039477385074592419",419,499
500,"Main",24.33,"Yep",95.83,"Chaos",16,"Mural",2.5,"Flat",93.83,"Noon",54.33,"0.047542827822252838043671",261,500
501,"Random",19.17,"Yep",95.83,"Balance",54.17,"Revolucion",3.67,"Flat",93.83,"Morning",9.33,"0.031972151406598141309967",204,501
502,"Group",45.33,"Yep",95.83,"Order",29.83,"Hurdles",0.83,"Flat",93.83,"Bright Evening",10,"0.010091605604297981466089",90,502
503,"Group",45.33,"Yep",95.83,"Balance",54.17,"Cold Duo",1.67,"Flat",93.83,"Noon",54.33,"0.200329051744277841784481",475,503
504,"Group",45.33,"Yep",95.83,"Balance",54.17,"Red Spider",5,"Flat",93.83,"Morning",9.33,"0.103000517616016584732108",366,504
505,"Main",24.33,"Yep",95.83,"Balance",54.17,"Arcade",1.83,"Flat",93.83,"Noon",54.33,"0.117824320478263216971371",383,505
506,"Group",45.33,"Yep",95.83,"Chaos",16,"Atlas",5.67,"Flat",93.83,"Bright",5.5,"0.020337363664462149159817",150,506
507,"Single",11.17,"Yep",95.83,"Order",29.83,"Shelter",0.83,"Flat",93.83,"Morning",9.33,"0.002320114226380053882443",45,507
508,"Group",45.33,"Yep",95.83,"Chaos",16,"Red Spider",5,"Flat",93.83,"Morning",9.33,"0.030422896102201679030541",193,508
509,"Random",19.17,"Yep",95.83,"Balance",54.17,"Mural",2.5,"Flat",93.83,"Noon",54.33,"0.126824706706303053094231",395,509
510,"Group",45.33,"Yep",95.83,"Balance",54.17,"Sprague",2.5,"Flat",93.83,"Noon",54.33,"0.299893790036344087823750",527,510
511,"Random",19.17,"Yep",95.83,"Balance",54.17,"Nowak",2.17,"Flat",93.83,"Noon",54.33,"0.110083845421071038761518",371,511
512,"Main",24.33,"Yep",95.83,"Order",29.83,"Red Spider",5,"Flat",93.83,"Morning",9.33,"0.030443193972574299210887",194,512
513,"Group",45.33,"Yep",95.83,"Balance",54.17,"Verena",4.17,"Flat",93.83,"Noon",54.33,"0.500222841780622040630533",573,513
514,"Group",45.33,"Yep",95.83,"Order",29.83,"Giftcard",3.83,"Flat",93.83,"Evening",11.17,"0.052015661267232810027750",275,514
515,"Main",24.33,"Yep",95.83,"Order",29.83,"Verena",4.17,"Flat",93.83,"Morning",9.33,"0.025389623773126965278202",171,515
516,"Group",45.33,"Yep",95.83,"Chaos",16,"Hotspot",6,"Flat",93.83,"Noon",54.33,"0.212588546010625989435283",480,516
517,"Main",24.33,"Yep",95.83,"Chaos",16,"Green Spider",3.67,"Flat",93.83,"Bright Morning",9.67,"0.012422180469730523255656",104,517
518,"Single",11.17,"Yep",95.83,"Balance",54.17,"Nightlife",2.33,"Flat",93.83,"Morning",9.33,"0.011827495131375287754083",101,518
519,"Main",24.33,"Yep",95.83,"Chaos",16,"Slapdash",2.33,"Flat",93.83,"Noon",54.33,"0.044309915530339645528546",244,519
520,"Group",45.33,"Yep",95.83,"Order",29.83,"Revolucion",3.67,"Corner",4.5,"Bright Morning",9.67,"0.002069405088652597271559",38,520
521,"Single",11.17,"Yep",95.83,"Balance",54.17,"Green Spider",3.67,"Flat",93.83,"Morning",9.33,"0.018629573876458065812001",138,521
522,"Main",24.33,"Yep",95.83,"Balance",54.17,"Mysore",4.83,"Flat",93.83,"Evening",11.17,"0.063935851405495333632523",311,522
523,"Main",24.33,"Yep",95.83,"Balance",54.17,"Red Spider",5,"Flat",93.83,"Noon",54.33,"0.321924372891429610987757",537,523
524,"Group",45.33,"Yep",95.83,"Balance",54.17,"Main Course",2.83,"Flat",93.83,"Noon",54.33,"0.339479770321141516298269",543,524
525,"Single",11.17,"Yep",95.83,"Order",29.83,"Main Course",2.83,"Flat",93.83,"Bright Morning",9.67,"0.008199031228520411648808",79,525
526,"Main",24.33,"Yep",95.83,"Chaos",16,"Yellow Spider",4.5,"Flat",93.83,"Noon",54.33,"0.085577090080055095988598",349,526
527,"Group",45.33,"Yep",95.83,"Order",29.83,"Blue Spider",3.67,"Corner",4.5,"Bright Morning",9.67,"0.002069405088652597271559",39,527
528,"Group",45.33,"Yep",95.83,"Order",29.83,"Atlas",5.67,"Flat",93.83,"Noon",54.33,"0.374545808092790089016688",560,528
529,"Random",19.17,"Yep",95.83,"Balance",54.17,"Red Spider",5,"Flat",93.83,"Noon",54.33,"0.253649413412606106188463",497,529
530,"Group",45.33,"Yep",95.83,"Balance",54.17,"Punk",2.33,"Flat",93.83,"Noon",54.33,"0.279501012313872698733519",517,530
531,"Group",45.33,"Yep",95.83,"Balance",54.17,"Docks",2.67,"Flat",93.83,"Bright Evening",10,"0.058952064744858354017332",296,531
532,"Main",24.33,"Yep",95.83,"Chaos",16,"Main Course",2.83,"Flat",93.83,"Noon",54.33,"0.053818481094790218688395",281,532
533,"Group",45.33,"Yep",95.83,"Balance",54.17,"Hotspot",6,"Flat",93.83,"Morning",9.33,"0.123600621139219879474069",390,533
534,"Main",24.33,"Yep",95.83,"Balance",54.17,"Red Spider",5,"Flat",93.83,"Noon",54.33,"0.321924372891429610987757",538,534
535,"Random",19.17,"Yep",95.83,"Order",29.83,"Hotspot",6,"Flat",93.83,"Noon",54.33,"0.167613705049245831357752",446,535
536,"Random",19.17,"Yep",95.83,"Balance",54.17,"Blue Spider",3.67,"Flat",93.83,"Noon",54.33,"0.186178669444852867842499",468,536
537,"Random",19.17,"Yep",95.83,"Balance",54.17,"Bangalore",1.33,"Flat",93.83,"Noon",54.33,"0.067470743967753224468176",320,537
538,"Group",45.33,"Yep",95.83,"Chaos",16,"Mysore",4.83,"Flat",93.83,"Noon",54.33,"0.171133779538553937316081",447,538
539,"Main",24.33,"Yep",95.83,"Balance",54.17,"Warm Duo",2.17,"Flat",93.83,"Noon",54.33,"0.139715177834880438512144",412,539
540,"Single",11.17,"Yep",95.83,"Chaos",16,"Red Spider",5,"Flat",93.83,"Noon",54.33,"0.043654203598402316344185",241,540
541,"Random",19.17,"Yep",95.83,"Order",29.83,"Cherfi",1.5,"Flat",93.83,"Morning",9.33,"0.007196005283036366155514",72,541
542,"Single",11.17,"Yep",95.83,"Order",29.83,"Hotspot",6,"Flat",93.83,"Noon",54.33,"0.097665367000525596385963",360,542
543,"Group",45.33,"Yep",95.83,"Balance",54.17,"Hotspot",6,"Flat",93.83,"Evening",11.17,"0.147976306337093882481426",423,543
544,"Group",45.33,"Yep",95.83,"Balance",54.17,"Main Course",2.83,"Flat",93.83,"Noon",54.33,"0.339479770321141516298269",541,544
545,"Main",24.33,"Yep",95.83,"Chaos",16,"Punk",2.33,"Flat",93.83,"Noon",54.33,"0.044309915530339645528546",245,545
546,"Main",24.33,"Yep",95.83,"Chaos",16,"Warm Duo",2.17,"Flat",93.83,"Morning",9.33,"0.007086742840950585251014",71,546
547,"Main",24.33,"Yep",95.83,"Chaos",16,"Hotshot",5.33,"Flat",93.83,"Bright",5.5,"0.010261130113081846221279",92,547
548,"Main",24.33,"Yep",95.83,"Chaos",16,"Miradors",0.33,"Flat",93.83,"Noon",54.33,"0.006275653272537375440554",70,548
549,"Main",24.33,"Yep",95.83,"Order",29.83,"Rosewood",1.17,"Flat",93.83,"Bright Morning",9.67,"0.007383306587059127942818",74,549
550,"Main",24.33,"Yep",95.83,"Order",29.83,"Hotshot",5.33,"Flat",93.83,"Bright Morning",9.67,"0.033635063341047141682871",212,550
551,"Main",24.33,"Yep",95.83,"Chaos",16,"Slapdash",2.33,"Flat",93.83,"Morning",9.33,"0.007609267658716526924745",76,551
552,"Group",45.33,"Yep",95.83,"Balance",54.17,"Cherfi",1.5,"Flat",93.83,"Morning",9.33,"0.030900155284804969868517",199,552
553,"Group",45.33,"Yep",95.83,"Balance",54.17,"Verena",4.17,"Flat",93.83,"Evening",11.17,"0.102843532904280263173824",365,553
554,"Random",19.17,"Yep",95.83,"Order",29.83,"Main Course",2.83,"Flat",93.83,"Noon",54.33,"0.079057797548227615180849",338,554
555,"Group",45.33,"Yep",95.83,"Order",29.83,"Jolly",1,"Flat",93.83,"Noon",54.33,"0.066057461744760154198630",319,555
556,"Single",11.17,"Yep",95.83,"Balance",54.17,"Golden Duo",1,"Flat",93.83,"Evening",11.17,"0.006077267967443704919928",68,556
557,"Random",19.17,"Yep",95.83,"Balance",54.17,"Hotshot",5.33,"Flat",93.83,"Bright",5.5,"0.027372473970883659522002",179,557
558,"Group",45.33,"Yep",95.83,"Balance",54.17,"Yellow Spider",4.5,"Flat",93.83,"Bright Morning",9.67,"0.096078617879120267741833",357,558
559,"Group",45.33,"Yep",95.83,"Order",29.83,"Mysore",4.83,"Flat",93.83,"Noon",54.33,"0.319057540227191571702292",534,559
560,"Main",24.33,"Yep",95.83,"Balance",54.17,"Arcade",1.83,"Flat",93.83,"Evening",11.17,"0.024224142457982700965546",164,560
561,"Group",45.33,"Yep",95.83,"Order",29.83,"Yellow Spider",4.5,"Flat",93.83,"Bright Morning",9.67,"0.052907978056750182282997",277,561
562,"Group",45.33,"Yep",95.83,"Balance",54.17,"Delphi",1.5,"Flat",93.83,"Noon",54.33,"0.179936274021806452694250",462,562
563,"Main",24.33,"Yep",95.83,"Balance",54.17,"Mantis",2.33,"Flat",93.83,"Noon",54.33,"0.150016757767406166967916",424,563
564,"Group",45.33,"Yep",95.83,"Balance",54.17,"Hotspot",6,"Flat",93.83,"Noon",54.33,"0.719745096087225810776999",599,564
565,"Main",24.33,"Yep",95.83,"Balance",54.17,"Docks",2.67,"Flat",93.83,"Morning",9.33,"0.029521407125108374558398",189,565
566,"Random",19.17,"Yep",95.83,"Chaos",16,"Golden Duo",1,"Flat",93.83,"Noon",54.33,"0.014983904798234066665930",116,566
567,"Group",45.33,"Yep",95.83,"Balance",54.17,"Cold Duo",1.67,"Flat",93.83,"Noon",54.33,"0.200329051744277841784481",473,567
568,"Single",11.17,"Yep",95.83,"Balance",54.17,"Verena",4.17,"Flat",93.83,"Noon",54.33,"0.123262500390239296277350",389,568
569,"Group",45.33,"Yep",95.83,"Balance",54.17,"Pink Spider",3,"Corner",4.5,"Bright Morning",9.67,"0.003071894422224883455103",52,569
570,"Main",24.33,"Yep",95.83,"Order",29.83,"Hotspot",6,"Flat",93.83,"Noon",54.33,"0.212730383090670355228369",482,570
571,"Main",24.33,"Yep",95.83,"Balance",54.17,"Revolucion",3.67,"Flat",93.83,"Noon",54.33,"0.236292489702309288501780",485,571
572,"Group",45.33,"Yep",95.83,"Balance",54.17,"Yellow Spider",4.5,"Flat",93.83,"Noon",54.33,"0.539808822065419358082750",579,572
573,"Group",45.33,"Yep",95.83,"Order",29.83,"Verena",4.17,"Flat",93.83,"Noon",54.33,"0.275459615475649843840955",504,573
574,"Single",11.17,"Yep",95.83,"Balance",54.17,"Hotshot",5.33,"Flat",93.83,"Noon",54.33,"0.157551349419658370809572",434,574
575,"Group",45.33,"Yep",95.83,"Order",29.83,"Arcade",1.83,"Flat",93.83,"Noon",54.33,"0.120885154992911081350826",387,575
576,"Group",45.33,"Nope!",4.17,"Balance",54.17,"Golden Duo",1,"Flat",93.83,"Morning",9.33,"0.000896404379544587549822",24,576
577,"Group",45.33,"Yep",95.83,"Balance",54.17,"Mantis",2.33,"Flat",93.83,"Noon",54.33,"0.279501012313872698733519",510,577
578,"Group",45.33,"Yep",95.83,"Balance",54.17,"Atlas",5.67,"Flat",93.83,"Evening",11.17,"0.139837609488553726855287",413,578
579,"Group",45.33,"Yep",95.83,"Balance",54.17,"Giftcard",3.83,"Flat",93.83,"Bright Evening",10,"0.084564197742624538922662",346,579
580,"Random",19.17,"Nope!",4.17,"Balance",54.17,"Hotshot",5.33,"Flat",93.83,"Morning",9.33,"0.002020540558676058896792",36,580
581,"Group",45.33,"Yep",95.83,"Chaos",16,"Giftcard",3.83,"Flat",93.83,"Noon",54.33,"0.135702355203449614995392",407,581
582,"Single",11.17,"Yep",95.83,"Order",29.83,"Verena",4.17,"Cube",1.67,"Bright Evening",10,"0.000222361933013990714083",7,582
583,"Group",45.33,"Yep",95.83,"Order",29.83,"Red Spider",5,"Flat",93.83,"Evening",11.17,"0.067905563012053277160973",321,583
584,"Group",45.33,"Yep",95.83,"Balance",54.17,"Sprague",2.5,"Flat",93.83,"Noon",54.33,"0.299893790036344087823750",522,584
585,"Group",45.33,"Yep",95.83,"Balance",54.17,"Yellow Spider",4.5,"Flat",93.83,"Noon",54.33,"0.539808822065419358082750",581,585
586,"Group",45.33,"Yep",95.83,"Balance",54.17,"Mural",2.5,"Flat",93.83,"Noon",54.33,"0.299893790036344087823750",524,586
587,"Single",11.17,"Yep",95.83,"Balance",54.17,"Tropico",2.33,"Flat",93.83,"Noon",54.33,"0.068873291584953852395579",326,587
588,"Main",24.33,"Yep",95.83,"Balance",54.17,"Hotspot",6,"Flat",93.83,"Noon",54.33,"0.386309247469715455469697",561,588
589,"Group",45.33,"Yep",95.83,"Balance",54.17,"Yellow Spider",4.5,"Flat",93.83,"Noon",54.33,"0.539808822065419358082750",577,589
590,"Main",24.33,"Yep",95.83,"Balance",54.17,"Alpha Dog",0.83,"Flat",93.83,"Noon",54.33,"0.053439445899977310039386",280,590
591,"Main",24.33,"Yep",95.83,"Order",29.83,"Mysore",4.83,"Flat",93.83,"Bright Morning",9.67,"0.030479804115808202535920",195,591
592,"Group",45.33,"Yep",95.83,"Balance",54.17,"Hotspot",6,"Flat",93.83,"Evening",11.17,"0.147976306337093882481426",422,592
593,"Group",45.33,"Yep",95.83,"Balance",54.17,"Delphi",1.5,"Flat",93.83,"Noon",54.33,"0.179936274021806452694250",456,593
594,"Random",19.17,"Nope!",4.17,"Balance",54.17,"Green Spider",3.67,"Flat",93.83,"Bright Evening",10,"0.001491161849616849709513",32,594
595,"Main",24.33,"Yep",95.83,"Order",29.83,"Tropico",2.33,"Flat",93.83,"Bright Evening",10,"0.015205282305701634665285",119,595
596,"Main",24.33,"Yep",95.83,"Chaos",16,"Giftcard",3.83,"Cube",1.67,"Bright Morning",9.67,"0.000230730654988958830713",8,596
597,"Group",45.33,"Yep",95.83,"Balance",54.17,"Nowak",2.17,"Flat",93.83,"Noon",54.33,"0.260307809751546659349231",498,597
598,"Group",45.33,"Yep",95.83,"Chaos",16,"Slapdash",2.33,"Flat",93.83,"Noon",54.33,"0.082555218700793103758784",343,598
599,"Group",45.33,"Yep",95.83,"Chaos",16,"Verena",4.17,"Flat",93.83,"Noon",54.33,"0.147749039477385074592419",420,599